/player/C36A90FE-DFA8-414B-A8B6-F2BCF6B9B8BD/XX10032492,William Zhang
/player/C36A90FE-DFA8-414B-A8B6-F2BCF6B9B8BD/XX10033408,Andre Rayner
/player/C36A90FE-DFA8-414B-A8B6-F2BCF6B9B8BD/47227,Kyle X Fang
/player/C36A90FE-DFA8-414B-A8B6-F2BCF6B9B8BD/XX10057620,Arden Lee
/player/C36A90FE-DFA8-414B-A8B6-F2BCF6B9B8BD/47205,Daniel Donghan Wang
/player/C36A90FE-DFA8-414B-A8B6-F2BCF6B9B8BD/47403,William Wang
/player/C36A90FE-DFA8-414B-A8B6-F2BCF6B9B8BD/47841,Kenny Wei Chen
/player/C36A90FE-DFA8-414B-A8B6-F2BCF6B9B8BD/XX10029206,Ishan Katpally
/player/C36A90FE-DFA8-414B-A8B6-F2BCF6B9B8BD/48018,Andrew Lu
/player/C36A90FE-DFA8-414B-A8B6-F2BCF6B9B8BD/XX10055641,Kunal Sunil
/player/C36A90FE-DFA8-414B-A8B6-F2BCF6B9B8BD/XX10023709,Aashay Ghiya
/player/C36A90FE-DFA8-414B-A8B6-F2BCF6B9B8BD/XX10037981,Jack Yin
/player/C36A90FE-DFA8-414B-A8B6-F2BCF6B9B8BD/47487,Arav Sachdeva
/player/C36A90FE-DFA8-414B-A8B6-F2BCF6B9B8BD/47615,Eric Fan
/player/C36A90FE-DFA8-414B-A8B6-F2BCF6B9B8BD/XX10037955,Anderson Lin
/player/C36A90FE-DFA8-414B-A8B6-F2BCF6B9B8BD/XX9955637,Atharva Gulla Pulijal
/player/C36A90FE-DFA8-414B-A8B6-F2BCF6B9B8BD/47432,Elise Fong
/player/C36A90FE-DFA8-414B-A8B6-F2BCF6B9B8BD/47265,Micah Cheng
/player/C36A90FE-DFA8-414B-A8B6-F2BCF6B9B8BD/47431,Meha Vedere
/player/C36A90FE-DFA8-414B-A8B6-F2BCF6B9B8BD/XX10058683,Anshika Agarwal
/player/C36A90FE-DFA8-414B-A8B6-F2BCF6B9B8BD/XX10058912,Kyra Sunil
/player/C36A90FE-DFA8-414B-A8B6-F2BCF6B9B8BD/47235,Vera Lin
/player/C36A90FE-DFA8-414B-A8B6-F2BCF6B9B8BD/Sohum Pulijal,Sohum Gulla Pulijal
/player/C36A90FE-DFA8-414B-A8B6-F2BCF6B9B8BD/1018405,Benny Guo
/player/C36A90FE-DFA8-414B-A8B6-F2BCF6B9B8BD/47302,Cory Fan
/player/C36A90FE-DFA8-414B-A8B6-F2BCF6B9B8BD/pardhanaresh,Pranaikumar Reddy Konduru
/player/C36A90FE-DFA8-414B-A8B6-F2BCF6B9B8BD/XX10042830,Patrick Xiao
/player/C36A90FE-DFA8-414B-A8B6-F2BCF6B9B8BD/1018886,Tanvi Deshmukh
/player/C36A90FE-DFA8-414B-A8B6-F2BCF6B9B8BD/XX10012153,Jui-Hsien Wang
/player/C36A90FE-DFA8-414B-A8B6-F2BCF6B9B8BD/403033,Ya-Ting Wang
/player/C36A90FE-DFA8-414B-A8B6-F2BCF6B9B8BD/2034552,Sean(Hsi) Chen
/player/C36A90FE-DFA8-414B-A8B6-F2BCF6B9B8BD/1018454,Karina Wang
/player/C36A90FE-DFA8-414B-A8B6-F2BCF6B9B8BD/2035387,Jarold Fiesta Cordero
/player/C36A90FE-DFA8-414B-A8B6-F2BCF6B9B8BD/2439,Allison Lee
/player/C36A90FE-DFA8-414B-A8B6-F2BCF6B9B8BD/2034165,Nicholas Chiu
/player/C36A90FE-DFA8-414B-A8B6-F2BCF6B9B8BD/2034522,Ellen Zulkarnain
/player/C36A90FE-DFA8-414B-A8B6-F2BCF6B9B8BD/BC10101,Paul Liu
/player/C36A90FE-DFA8-414B-A8B6-F2BCF6B9B8BD/XX10067069,Vy Le Nguyen
/player/C36A90FE-DFA8-414B-A8B6-F2BCF6B9B8BD/XX10067058,Amanda Ho
/player/C36A90FE-DFA8-414B-A8B6-F2BCF6B9B8BD/2035640,Sean Wu
/player/C36A90FE-DFA8-414B-A8B6-F2BCF6B9B8BD/47294,Ishika Jaiswal
/player/C36A90FE-DFA8-414B-A8B6-F2BCF6B9B8BD/2033455,Dean Tan
/player/C36A90FE-DFA8-414B-A8B6-F2BCF6B9B8BD/XX10071145,Johnjo Riguera
/player/Phillip Jap,Phillip Jap
/player/C36A90FE-DFA8-414B-A8B6-F2BCF6B9B8BD/2035848,Akhil Kasetty
/player/C36A90FE-DFA8-414B-A8B6-F2BCF6B9B8BD/XX10055668,Devin Dhillon
/player/C36A90FE-DFA8-414B-A8B6-F2BCF6B9B8BD/XX10046167,Vivian Vu
/player/C36A90FE-DFA8-414B-A8B6-F2BCF6B9B8BD/XX10059027,Larry Chan
/player/C36A90FE-DFA8-414B-A8B6-F2BCF6B9B8BD/XX10055784,Tina Pham
/player/C36A90FE-DFA8-414B-A8B6-F2BCF6B9B8BD/69696969696969696969,Vannie Boy
/player/C36A90FE-DFA8-414B-A8B6-F2BCF6B9B8BD/XX10058930,Alice Lai
/player/Kevin Banh,Kevin Banh
/player/C36A90FE-DFA8-414B-A8B6-F2BCF6B9B8BD/XX10037877,Chi Lao
/player/C36A90FE-DFA8-414B-A8B6-F2BCF6B9B8BD/400549,Darren Yang
/player/C36A90FE-DFA8-414B-A8B6-F2BCF6B9B8BD/2033093,Carmen Chung
/player/C36A90FE-DFA8-414B-A8B6-F2BCF6B9B8BD/XX10038021,Daniel Liu
/player/C36A90FE-DFA8-414B-A8B6-F2BCF6B9B8BD/alicehaha,Alice Liu
/player/C36A90FE-DFA8-414B-A8B6-F2BCF6B9B8BD/XX10041210,Koko Ronald
/player/C36A90FE-DFA8-414B-A8B6-F2BCF6B9B8BD/XX10041084,Rebecca Wan
/player/C36A90FE-DFA8-414B-A8B6-F2BCF6B9B8BD/XX10012028,Desmond Tae Yang Hung
/player/C36A90FE-DFA8-414B-A8B6-F2BCF6B9B8BD/SBC100009,Heidi Chen
/player/Jamie Neill,Jamie Neill
/player/C36A90FE-DFA8-414B-A8B6-F2BCF6B9B8BD/2033094,Cally Chung
/player/C36A90FE-DFA8-414B-A8B6-F2BCF6B9B8BD/6783,Howard Bach
/player/C36A90FE-DFA8-414B-A8B6-F2BCF6B9B8BD/XX10066696,Penny Bach
/player/C36A90FE-DFA8-414B-A8B6-F2BCF6B9B8BD/47472,Charles Gu
/player/C36A90FE-DFA8-414B-A8B6-F2BCF6B9B8BD/XX10024037,Abhijit Ayarekar
/player/C36A90FE-DFA8-414B-A8B6-F2BCF6B9B8BD/2033375,Harshith Rajasekaran
/player/Alex Dunn,Alex Dunn
/player/C36A90FE-DFA8-414B-A8B6-F2BCF6B9B8BD/463,Jordy Supandi
/player/C36A90FE-DFA8-414B-A8B6-F2BCF6B9B8BD/5184344,Sudhanshu Singhal
/player/C36A90FE-DFA8-414B-A8B6-F2BCF6B9B8BD/XX10023163,Jeffrey Kuo
/player/C36A90FE-DFA8-414B-A8B6-F2BCF6B9B8BD/401213,Bruck Belayneh
/player/C36A90FE-DFA8-414B-A8B6-F2BCF6B9B8BD/5883458834,Josue Daniel Camargo
/player/C36A90FE-DFA8-414B-A8B6-F2BCF6B9B8BD/300,Lasitha Menaka
/player/C36A90FE-DFA8-414B-A8B6-F2BCF6B9B8BD/2033929,Yipeng Yang
/player/C36A90FE-DFA8-414B-A8B6-F2BCF6B9B8BD/XX10037958,Po Pin Lin
/player/C36A90FE-DFA8-414B-A8B6-F2BCF6B9B8BD/48017,Zoe Lu
/player/C36A90FE-DFA8-414B-A8B6-F2BCF6B9B8BD/XX10020379,Sandhini Agarwal
/player/C36A90FE-DFA8-414B-A8B6-F2BCF6B9B8BD/0244,Bob Malaythong
/player/C36A90FE-DFA8-414B-A8B6-F2BCF6B9B8BD/XX6460365,Jing Yu Hong
/player/C36A90FE-DFA8-414B-A8B6-F2BCF6B9B8BD/XX10055653,Yui Kwan Calvin Leung
/player/C36A90FE-DFA8-414B-A8B6-F2BCF6B9B8BD/2034319,Jessica Fan
/player/C36A90FE-DFA8-414B-A8B6-F2BCF6B9B8BD/XX10038036,Anish Pansare
/player/C36A90FE-DFA8-414B-A8B6-F2BCF6B9B8BD/XX10033461,Sayali Date
/player/C36A90FE-DFA8-414B-A8B6-F2BCF6B9B8BD/USAB# 2035548,Wyatt Fong
/player/C36A90FE-DFA8-414B-A8B6-F2BCF6B9B8BD/XX10038028,Dima Gutnik
/player/C36A90FE-DFA8-414B-A8B6-F2BCF6B9B8BD/XX10033310,Rajesh Easwar
/player/C36A90FE-DFA8-414B-A8B6-F2BCF6B9B8BD/XX10070962,Rajesh Kumar Mariappan
/player/C36A90FE-DFA8-414B-A8B6-F2BCF6B9B8BD/XX10000277,Hung-I Yang
/player/C36A90FE-DFA8-414B-A8B6-F2BCF6B9B8BD/XX10026105,Naren V Nathan
/player/C36A90FE-DFA8-414B-A8B6-F2BCF6B9B8BD/XX10024070,Tony Wu
/player/C36A90FE-DFA8-414B-A8B6-F2BCF6B9B8BD/XX10024078,Alex Long Feng
/player/C36A90FE-DFA8-414B-A8B6-F2BCF6B9B8BD/XX10030251,Caleb Tan
/player/C36A90FE-DFA8-414B-A8B6-F2BCF6B9B8BD/XX10047832,Milton Lee
/player/C36A90FE-DFA8-414B-A8B6-F2BCF6B9B8BD/2034585,Ryan Wong
/player/C36A90FE-DFA8-414B-A8B6-F2BCF6B9B8BD/2033873,Jedd Alexander B Perea
/player/C36A90FE-DFA8-414B-A8B6-F2BCF6B9B8BD/XX10062250,Morgan Chien-Hale
/player/C36A90FE-DFA8-414B-A8B6-F2BCF6B9B8BD/XX10037942,Kevin Liou
/player/C36A90FE-DFA8-414B-A8B6-F2BCF6B9B8BD/2184,Sandeep M Nagaraja
/player/Alec Prasertsanit,Alec Prasertsanit
/player/C36A90FE-DFA8-414B-A8B6-F2BCF6B9B8BD/XX10033426,Wesley Hsieh
/player/C36A90FE-DFA8-414B-A8B6-F2BCF6B9B8BD/XX10020401,Shaun Lee
/player/C36A90FE-DFA8-414B-A8B6-F2BCF6B9B8BD/XX10069956,John Han
/player/C36A90FE-DFA8-414B-A8B6-F2BCF6B9B8BD/XX10069917,Brandon C Ngo
/player/C36A90FE-DFA8-414B-A8B6-F2BCF6B9B8BD/76217513,Luke Lu
/player/C36A90FE-DFA8-414B-A8B6-F2BCF6B9B8BD/XX10033528,Joseph Chang
/player/C36A90FE-DFA8-414B-A8B6-F2BCF6B9B8BD/XX10033756,Chris Wu
/player/Daniel Bi,Daniel Bi
/player/C36A90FE-DFA8-414B-A8B6-F2BCF6B9B8BD/2034311,Cj Cullen
/player/C36A90FE-DFA8-414B-A8B6-F2BCF6B9B8BD/XX10037873,Kevin Zhou
/player/C36A90FE-DFA8-414B-A8B6-F2BCF6B9B8BD/XX10020232,David Chen
/player/C36A90FE-DFA8-414B-A8B6-F2BCF6B9B8BD/1018199,Martin Mitchel
/player/Toni Wood,Toni Wood
/player/C36A90FE-DFA8-414B-A8B6-F2BCF6B9B8BD/XX10066542,Tana Situ
/player/C36A90FE-DFA8-414B-A8B6-F2BCF6B9B8BD/xx6933551,Flavia Stiglich
/player/C36A90FE-DFA8-414B-A8B6-F2BCF6B9B8BD/2034524,Jakin Lin
/player/C36A90FE-DFA8-414B-A8B6-F2BCF6B9B8BD/2034525,Raeka Lin
/player/C36A90FE-DFA8-414B-A8B6-F2BCF6B9B8BD/47326,Amber Low
/player/C36A90FE-DFA8-414B-A8B6-F2BCF6B9B8BD/XX10051979,Alex Chang
/player/Farhaan Hirani,Farhaan Hirani
/player/C36A90FE-DFA8-414B-A8B6-F2BCF6B9B8BD/47257,Ryan T. Hsiao
/player/C36A90FE-DFA8-414B-A8B6-F2BCF6B9B8BD/XX10033526,Jason Fang
/player/C36A90FE-DFA8-414B-A8B6-F2BCF6B9B8BD/Clement,Clement Hoang
/player/C36A90FE-DFA8-414B-A8B6-F2BCF6B9B8BD/DXV,Daniel Guo
/player/C36A90FE-DFA8-414B-A8B6-F2BCF6B9B8BD/2033985,Tri Tran
/player/C36A90FE-DFA8-414B-A8B6-F2BCF6B9B8BD/14109864,Alexander Tseng
/player/C36A90FE-DFA8-414B-A8B6-F2BCF6B9B8BD/401209,Kevin Liu
/player/C36A90FE-DFA8-414B-A8B6-F2BCF6B9B8BD/XX10051457,Daniel Wong
/player/C36A90FE-DFA8-414B-A8B6-F2BCF6B9B8BD/XX10058898,Cote Feldsine
/player/C36A90FE-DFA8-414B-A8B6-F2BCF6B9B8BD/XX10055556,Jonathan Sugijoto
/player/C36A90FE-DFA8-414B-A8B6-F2BCF6B9B8BD/1971629,Thushara Yasalal Edirisinghe
/player/C36A90FE-DFA8-414B-A8B6-F2BCF6B9B8BD/401016,Marvin Lin
/player/C36A90FE-DFA8-414B-A8B6-F2BCF6B9B8BD/XX10032756,Bryant Luong
/player/C36A90FE-DFA8-414B-A8B6-F2BCF6B9B8BD/XX10026433,Mandar Agte
/player/C36A90FE-DFA8-414B-A8B6-F2BCF6B9B8BD/401714,Timothy Kawan Tong
/player/C36A90FE-DFA8-414B-A8B6-F2BCF6B9B8BD/XX10033458,Patrick Tsai
/player/C36A90FE-DFA8-414B-A8B6-F2BCF6B9B8BD/XX10036182,Linda Fan
/player/C36A90FE-DFA8-414B-A8B6-F2BCF6B9B8BD/XX10059023,Chung Lai
/player/C36A90FE-DFA8-414B-A8B6-F2BCF6B9B8BD/iSmash08,Hung Tran
/player/C36A90FE-DFA8-414B-A8B6-F2BCF6B9B8BD/2033738,Bo Bob Zhao
/player/C36A90FE-DFA8-414B-A8B6-F2BCF6B9B8BD/XX10058829,Ketan Humnabadkar
/player/C36A90FE-DFA8-414B-A8B6-F2BCF6B9B8BD/XX10045699,Max Zhang
/player/C36A90FE-DFA8-414B-A8B6-F2BCF6B9B8BD/2033310,Brenden Cheung
/player/C36A90FE-DFA8-414B-A8B6-F2BCF6B9B8BD/47610,Jacob Ouyang
/player/C36A90FE-DFA8-414B-A8B6-F2BCF6B9B8BD/400709,Michael Julian Buasan
/player/C36A90FE-DFA8-414B-A8B6-F2BCF6B9B8BD/202769,Sam Gunatileka
/player/C36A90FE-DFA8-414B-A8B6-F2BCF6B9B8BD/2035782,Abhishek Ahlawat
/player/C36A90FE-DFA8-414B-A8B6-F2BCF6B9B8BD/1018531,Ankit Chhikara
/player/C36A90FE-DFA8-414B-A8B6-F2BCF6B9B8BD/XX10058507,Andy Lim
/player/C36A90FE-DFA8-414B-A8B6-F2BCF6B9B8BD/XX10056204,Nelson C. Pang
