/player/C36A90FE-DFA8-414B-A8B6-F2BCF6B9B8BD/Aaa,Andrew Ting
/player/Dorothy Lee,Dorothy Lee
/player/C36A90FE-DFA8-414B-A8B6-F2BCF6B9B8BD/XX10921042,Rylan B Ballar
/player/Lei Paeste,Lei Paeste
/player/C36A90FE-DFA8-414B-A8B6-F2BCF6B9B8BD/XX10928387,Louie Howard Chow
/player/C36A90FE-DFA8-414B-A8B6-F2BCF6B9B8BD/E201506088819470,Paola Candolada
/player/David Liang,David Liang
/player/C36A90FE-DFA8-414B-A8B6-F2BCF6B9B8BD/1257,Caitong Guan
/player/C36A90FE-DFA8-414B-A8B6-F2BCF6B9B8BD/XX10913486,Thanh Tin Vuong
/player/C36A90FE-DFA8-414B-A8B6-F2BCF6B9B8BD/Alicia Wong,Alicia Wong
/player/C36A90FE-DFA8-414B-A8B6-F2BCF6B9B8BD/XX10928000,Tuong Duc Huynh
/player/C36A90FE-DFA8-414B-A8B6-F2BCF6B9B8BD/XX10928001,Jessica You
/player/C36A90FE-DFA8-414B-A8B6-F2BCF6B9B8BD/2033831,Bryan Auyeung
/player/C36A90FE-DFA8-414B-A8B6-F2BCF6B9B8BD/XX10949434,Typhanie Vo
/player/C36A90FE-DFA8-414B-A8B6-F2BCF6B9B8BD/XX10952182,Wei Gao
/player/C36A90FE-DFA8-414B-A8B6-F2BCF6B9B8BD/XX10949188,Sarah Gao
/player/C36A90FE-DFA8-414B-A8B6-F2BCF6B9B8BD/XX10962620,Derrick Cheung
/player/C36A90FE-DFA8-414B-A8B6-F2BCF6B9B8BD/47270,Amenda Jingyi Lee
/player/C36A90FE-DFA8-414B-A8B6-F2BCF6B9B8BD/XX10950299,Nhat Ton
/player/C36A90FE-DFA8-414B-A8B6-F2BCF6B9B8BD/XX10918271,Tracy Tonnu
/player/C36A90FE-DFA8-414B-A8B6-F2BCF6B9B8BD/ayelenell,Ione Flores
/player/C36A90FE-DFA8-414B-A8B6-F2BCF6B9B8BD/XX10954453,Joey Kwan
/player/C36A90FE-DFA8-414B-A8B6-F2BCF6B9B8BD/XX10888869,Vincent L Huang
/player/C36A90FE-DFA8-414B-A8B6-F2BCF6B9B8BD/XX10960836,Maithili Vinay Munjewar
/player/C36A90FE-DFA8-414B-A8B6-F2BCF6B9B8BD/XX10913788,Long H Nguyen
/player/C36A90FE-DFA8-414B-A8B6-F2BCF6B9B8BD/XX10913787,Vivian Doan
/player/C36A90FE-DFA8-414B-A8B6-F2BCF6B9B8BD/42013059,Khang Nguyen
/player/C36A90FE-DFA8-414B-A8B6-F2BCF6B9B8BD/XX10957267,Kathlee Wong
/player/C36A90FE-DFA8-414B-A8B6-F2BCF6B9B8BD/XX10888977,Nicholas M Wong
/player/C36A90FE-DFA8-414B-A8B6-F2BCF6B9B8BD/XX10888899,Katherine Chen
/player/C36A90FE-DFA8-414B-A8B6-F2BCF6B9B8BD/XX10949236,Felix Lin
/player/C36A90FE-DFA8-414B-A8B6-F2BCF6B9B8BD/XX10949242,Tiffany L Chang
/player/C36A90FE-DFA8-414B-A8B6-F2BCF6B9B8BD/XX10881738,Nicholas Joseph Jiang
/player/C36A90FE-DFA8-414B-A8B6-F2BCF6B9B8BD/XX10881741,Michelle Xue Tang
/player/C36A90FE-DFA8-414B-A8B6-F2BCF6B9B8BD/XX10917328,Brandon Chen
/player/C36A90FE-DFA8-414B-A8B6-F2BCF6B9B8BD/XX10909775,Ashley Liao
/player/C36A90FE-DFA8-414B-A8B6-F2BCF6B9B8BD/Aaron Sun,Aaron Sun
/player/C36A90FE-DFA8-414B-A8B6-F2BCF6B9B8BD/XX10962543,Justin Wang
/player/C36A90FE-DFA8-414B-A8B6-F2BCF6B9B8BD/XX10905431,Ronald Sit
/player/Raghu Venkatesan,Raghu Venkatesan
/player/C36A90FE-DFA8-414B-A8B6-F2BCF6B9B8BD/XX10854928,Alvin Ren
/player/C36A90FE-DFA8-414B-A8B6-F2BCF6B9B8BD/XX10852141,Allen Shen
/player/C36A90FE-DFA8-414B-A8B6-F2BCF6B9B8BD/1018936,Anson Mui
/player/C36A90FE-DFA8-414B-A8B6-F2BCF6B9B8BD/47670,Edwin Mui
/player/C36A90FE-DFA8-414B-A8B6-F2BCF6B9B8BD/XX10962598,Wei hong Chen
/player/C36A90FE-DFA8-414B-A8B6-F2BCF6B9B8BD/123123123,Thomas He
/player/C36A90FE-DFA8-414B-A8B6-F2BCF6B9B8BD/7465969,Tony Hong
/player/C36A90FE-DFA8-414B-A8B6-F2BCF6B9B8BD/47675,Brandon S. Lin
/player/C36A90FE-DFA8-414B-A8B6-F2BCF6B9B8BD/VMB,Leo Guo
/player/C36A90FE-DFA8-414B-A8B6-F2BCF6B9B8BD/XX10864593,Brian Liu
/player/C36A90FE-DFA8-414B-A8B6-F2BCF6B9B8BD/XX10888725,Joseph Vo
/player/C36A90FE-DFA8-414B-A8B6-F2BCF6B9B8BD/XX10900430,Cuong Vinh Vong
/player/C36A90FE-DFA8-414B-A8B6-F2BCF6B9B8BD/XX10942782,Riki mhan Kwan
/player/C36A90FE-DFA8-414B-A8B6-F2BCF6B9B8BD/Christopher Louie,Christopher Clay Louie
/player/C36A90FE-DFA8-414B-A8B6-F2BCF6B9B8BD/XX10900401,Nick Handoko
/player/C36A90FE-DFA8-414B-A8B6-F2BCF6B9B8BD/XX10900394,Leonard Wang
/player/C36A90FE-DFA8-414B-A8B6-F2BCF6B9B8BD/47257,Ryan T. Hsiao
/player/C36A90FE-DFA8-414B-A8B6-F2BCF6B9B8BD/203-6000,Sibhi Sakthivel
/player/C36A90FE-DFA8-414B-A8B6-F2BCF6B9B8BD/47271,Arthur Heng Lee
/player/C36A90FE-DFA8-414B-A8B6-F2BCF6B9B8BD/2034061,Jerry Yuan
/player/C36A90FE-DFA8-414B-A8B6-F2BCF6B9B8BD/XX10917216,Deric Wenbin Chen
/player/C36A90FE-DFA8-414B-A8B6-F2BCF6B9B8BD/idk,Larry Qu
/player/C36A90FE-DFA8-414B-A8B6-F2BCF6B9B8BD/XX10958545,Robert He
/player/C36A90FE-DFA8-414B-A8B6-F2BCF6B9B8BD/Fghjklas,Kim Zhang
/player/C36A90FE-DFA8-414B-A8B6-F2BCF6B9B8BD/Bintang,Cote Feldsine
/player/C36A90FE-DFA8-414B-A8B6-F2BCF6B9B8BD/XX10853641,David Feldsine
/player/C36A90FE-DFA8-414B-A8B6-F2BCF6B9B8BD/XX10888462,Michael Doan
/player/C36A90FE-DFA8-414B-A8B6-F2BCF6B9B8BD/XX10898837,Tony Hu
/player/C36A90FE-DFA8-414B-A8B6-F2BCF6B9B8BD/XX10956832,James Lee
/player/C36A90FE-DFA8-414B-A8B6-F2BCF6B9B8BD/XX10942992,Kevin Tai
/player/C36A90FE-DFA8-414B-A8B6-F2BCF6B9B8BD/171717,Kobe Herrera
/player/C36A90FE-DFA8-414B-A8B6-F2BCF6B9B8BD/7000019067,Justin Aung Maung
/player/C36A90FE-DFA8-414B-A8B6-F2BCF6B9B8BD/XX10877865,Zachary George Miller
/player/C36A90FE-DFA8-414B-A8B6-F2BCF6B9B8BD/XX10954172,Hung Quoc Nguyen
/player/C36A90FE-DFA8-414B-A8B6-F2BCF6B9B8BD/88888888,Tim Hoang
/player/C36A90FE-DFA8-414B-A8B6-F2BCF6B9B8BD/420,Bendon Long Tran
/player/C36A90FE-DFA8-414B-A8B6-F2BCF6B9B8BD/XX10939747,Jody Wong
/player/C36A90FE-DFA8-414B-A8B6-F2BCF6B9B8BD/XX10962236,Christopher Wang
/player/C36A90FE-DFA8-414B-A8B6-F2BCF6B9B8BD/XX10962286,Yuetong Tsen
/player/C36A90FE-DFA8-414B-A8B6-F2BCF6B9B8BD/XX10864915,Nicky Nguyen
/player/C36A90FE-DFA8-414B-A8B6-F2BCF6B9B8BD/XX10877880,Tiffany Jie Ying Teoh
/player/C36A90FE-DFA8-414B-A8B6-F2BCF6B9B8BD/1071,Timothy YC Ngai
/player/Brandon Tan,Brandon Tan
/player/C36A90FE-DFA8-414B-A8B6-F2BCF6B9B8BD/XX10957696,Nicholas Wong
/player/C36A90FE-DFA8-414B-A8B6-F2BCF6B9B8BD/987654321,Peter Thanh Nguyen
/player/C36A90FE-DFA8-414B-A8B6-F2BCF6B9B8BD/11111111,Zifeng anson Zhao
/player/C36A90FE-DFA8-414B-A8B6-F2BCF6B9B8BD/XX10900417,Nicholas Ho
/player/C36A90FE-DFA8-414B-A8B6-F2BCF6B9B8BD/XX10905905,Vivek Srinivasan
/player/Phil Chiem,Phil Chiem
/player/C36A90FE-DFA8-414B-A8B6-F2BCF6B9B8BD/XX10962194,Ken Tan
/player/C36A90FE-DFA8-414B-A8B6-F2BCF6B9B8BD/987654321987654321,Johnny Vu
/player/C36A90FE-DFA8-414B-A8B6-F2BCF6B9B8BD/XX10962673,Nam Hoang
/player/C36A90FE-DFA8-414B-A8B6-F2BCF6B9B8BD/2033949,Howard Tay
/player/C36A90FE-DFA8-414B-A8B6-F2BCF6B9B8BD/XX10948114,Abhilash Gowda
/player/David Lam,David Lam
/player/C36A90FE-DFA8-414B-A8B6-F2BCF6B9B8BD/XX10942529,Dylan Choy
/player/C36A90FE-DFA8-414B-A8B6-F2BCF6B9B8BD/2035524,Ethan Hwang
/player/C36A90FE-DFA8-414B-A8B6-F2BCF6B9B8BD/XX10881160,Tam Vo
/player/C36A90FE-DFA8-414B-A8B6-F2BCF6B9B8BD/XX10881897,Michael Wong
/player/C36A90FE-DFA8-414B-A8B6-F2BCF6B9B8BD/1371,Jianmin Simon Cai
/player/C36A90FE-DFA8-414B-A8B6-F2BCF6B9B8BD/0961,Quan Hu
/player/C36A90FE-DFA8-414B-A8B6-F2BCF6B9B8BD/232556,Orlando Himawan
/player/C36A90FE-DFA8-414B-A8B6-F2BCF6B9B8BD/47403,William Wang
/player/C36A90FE-DFA8-414B-A8B6-F2BCF6B9B8BD/XX10859725,Ashwin Chandra
/player/C36A90FE-DFA8-414B-A8B6-F2BCF6B9B8BD/XX10859781,Vinod Talati
/player/C36A90FE-DFA8-414B-A8B6-F2BCF6B9B8BD/XX10954125,Richard Lam
/player/Shashank Dholakai,Shashank Dholakai
/player/Shishir Dholakai,Shishir Dholakai
/player/C36A90FE-DFA8-414B-A8B6-F2BCF6B9B8BD/XX10912828,Gia Hin
/player/C36A90FE-DFA8-414B-A8B6-F2BCF6B9B8BD/XX10949159,Andy Leung
/player/C36A90FE-DFA8-414B-A8B6-F2BCF6B9B8BD/XX10953183,Jordan Marcelo
/player/C36A90FE-DFA8-414B-A8B6-F2BCF6B9B8BD/001791,Brendan Tydingco
/player/C36A90FE-DFA8-414B-A8B6-F2BCF6B9B8BD/thetinman,Thinh Huy Nguyen
/player/C36A90FE-DFA8-414B-A8B6-F2BCF6B9B8BD/20126633,Chris Ou
/player/C36A90FE-DFA8-414B-A8B6-F2BCF6B9B8BD/lucbui10,Luc Bui
/player/C36A90FE-DFA8-414B-A8B6-F2BCF6B9B8BD/Peterrxb,Peter Ebersole
/player/C36A90FE-DFA8-414B-A8B6-F2BCF6B9B8BD/XX10949095,Jason C Lau
/player/C36A90FE-DFA8-414B-A8B6-F2BCF6B9B8BD/XX10949074,Kevin D Nguyen
/player/C36A90FE-DFA8-414B-A8B6-F2BCF6B9B8BD/XX10832846,Aaron Chi Su
/player/C36A90FE-DFA8-414B-A8B6-F2BCF6B9B8BD/1018943,Alan Aaron Su
/player/C36A90FE-DFA8-414B-A8B6-F2BCF6B9B8BD/1019571,Alexander Jurek Javorski
/player/C36A90FE-DFA8-414B-A8B6-F2BCF6B9B8BD/XX10888876,Daniel Kim
/player/C36A90FE-DFA8-414B-A8B6-F2BCF6B9B8BD/9777,Siyuan An
/player/C36A90FE-DFA8-414B-A8B6-F2BCF6B9B8BD/XX10962418,Alex Zhang
/player/C36A90FE-DFA8-414B-A8B6-F2BCF6B9B8BD/XX10943061,Felix Lieu
/player/C36A90FE-DFA8-414B-A8B6-F2BCF6B9B8BD/XX10953983,Nelson Pang
/player/C36A90FE-DFA8-414B-A8B6-F2BCF6B9B8BD/pardhanaresh,Pranaikumar Reddy Konduru
/player/C36A90FE-DFA8-414B-A8B6-F2BCF6B9B8BD/47304,Kevin Ngo
/player/C36A90FE-DFA8-414B-A8B6-F2BCF6B9B8BD/XX10962720,Patrick Fang
/player/C36A90FE-DFA8-414B-A8B6-F2BCF6B9B8BD/XX10962721,Scott Simenel
/player/C36A90FE-DFA8-414B-A8B6-F2BCF6B9B8BD/XX10958609,Chyifeng Ding
/player/C36A90FE-DFA8-414B-A8B6-F2BCF6B9B8BD/XX10958621,Xianzhi Wang
/player/C36A90FE-DFA8-414B-A8B6-F2BCF6B9B8BD/Spencer,Spencer E Brownfield
/player/C36A90FE-DFA8-414B-A8B6-F2BCF6B9B8BD/71617372,Miguel Angel Preciado
/player/C36A90FE-DFA8-414B-A8B6-F2BCF6B9B8BD/Long Le,Long Kim Le
/player/C36A90FE-DFA8-414B-A8B6-F2BCF6B9B8BD/XX10894578,Thinh Nguyen
/player/C36A90FE-DFA8-414B-A8B6-F2BCF6B9B8BD/004121482,Richard Fleming
/player/C36A90FE-DFA8-414B-A8B6-F2BCF6B9B8BD/0320,Danny Shum
/player/C36A90FE-DFA8-414B-A8B6-F2BCF6B9B8BD/1234567,Farhaan Hirani
/player/C36A90FE-DFA8-414B-A8B6-F2BCF6B9B8BD/XX10957873,Vinh t Vu
/player/C36A90FE-DFA8-414B-A8B6-F2BCF6B9B8BD/2033093,Carmen Chung
/player/C36A90FE-DFA8-414B-A8B6-F2BCF6B9B8BD/2035412,Fiona Lai
/player/C36A90FE-DFA8-414B-A8B6-F2BCF6B9B8BD/2035640,Sean Su
/player/C36A90FE-DFA8-414B-A8B6-F2BCF6B9B8BD/XX10900385,Jeffrey Truong
/player/C36A90FE-DFA8-414B-A8B6-F2BCF6B9B8BD/XX10900372,Austin Tsang
/player/C36A90FE-DFA8-414B-A8B6-F2BCF6B9B8BD/123456789123456789,Huy Nguyen
/player/C36A90FE-DFA8-414B-A8B6-F2BCF6B9B8BD/7777777,Ryan Suwito
/player/C36A90FE-DFA8-414B-A8B6-F2BCF6B9B8BD/XX10925420,Eric Liu
/player/C36A90FE-DFA8-414B-A8B6-F2BCF6B9B8BD/XX10900207,Khoa Tran
/player/C36A90FE-DFA8-414B-A8B6-F2BCF6B9B8BD/2034181,David zi-chiang Wang
/player/C36A90FE-DFA8-414B-A8B6-F2BCF6B9B8BD/2034066,Dennis Wang
/player/C36A90FE-DFA8-414B-A8B6-F2BCF6B9B8BD/XX10949065,Anthony Chau
/player/C36A90FE-DFA8-414B-A8B6-F2BCF6B9B8BD/XX10949067,Alex Pun
/player/C36A90FE-DFA8-414B-A8B6-F2BCF6B9B8BD/1019644,David Han
/player/C36A90FE-DFA8-414B-A8B6-F2BCF6B9B8BD/XX10954120,Lok Sheung
/player/C36A90FE-DFA8-414B-A8B6-F2BCF6B9B8BD/N/a,Sam Y Wu
/player/C36A90FE-DFA8-414B-A8B6-F2BCF6B9B8BD/8517,Raymond Sha
/player/C36A90FE-DFA8-414B-A8B6-F2BCF6B9B8BD/051601,Frank Zhu
/player/C36A90FE-DFA8-414B-A8B6-F2BCF6B9B8BD/XX10935855,Alex Chen
/player/C36A90FE-DFA8-414B-A8B6-F2BCF6B9B8BD/XX10840653,Lap Ming Chun
/player/C36A90FE-DFA8-414B-A8B6-F2BCF6B9B8BD/paulma712,Hong C Ma
/player/C36A90FE-DFA8-414B-A8B6-F2BCF6B9B8BD/123,Tommy Chiu
/player/C36A90FE-DFA8-414B-A8B6-F2BCF6B9B8BD/XX10962626,Alex Owyang
/player/C36A90FE-DFA8-414B-A8B6-F2BCF6B9B8BD/2034036,Thompson y y Ma
/player/C36A90FE-DFA8-414B-A8B6-F2BCF6B9B8BD/47653,Daniel Zhou
/player/C36A90FE-DFA8-414B-A8B6-F2BCF6B9B8BD/laserpie,Hugo Hsi
/player/C36A90FE-DFA8-414B-A8B6-F2BCF6B9B8BD/idoofus,Anthony Sun
/player/C36A90FE-DFA8-414B-A8B6-F2BCF6B9B8BD/XX10962571,Min Lin
/player/C36A90FE-DFA8-414B-A8B6-F2BCF6B9B8BD/XX10952823,Vinh Pham
/player/C36A90FE-DFA8-414B-A8B6-F2BCF6B9B8BD/raghk,Kitttu Raghava
/player/C36A90FE-DFA8-414B-A8B6-F2BCF6B9B8BD/XX10962558,Kunal Sunil
/player/C36A90FE-DFA8-414B-A8B6-F2BCF6B9B8BD/XX10935347,Stanley Huang
/player/C36A90FE-DFA8-414B-A8B6-F2BCF6B9B8BD/12075180,Kevin Liu
/player/C36A90FE-DFA8-414B-A8B6-F2BCF6B9B8BD/519230857,Timothy Z Lo
/player/C36A90FE-DFA8-414B-A8B6-F2BCF6B9B8BD/XX10958593,Alan Rosenthal
/player/C36A90FE-DFA8-414B-A8B6-F2BCF6B9B8BD/XX10958591,Carl Rosenthal
/player/C36A90FE-DFA8-414B-A8B6-F2BCF6B9B8BD/1018632,Justin Fang
/player/C36A90FE-DFA8-414B-A8B6-F2BCF6B9B8BD/A0987,Jianhua Wu
/player/C36A90FE-DFA8-414B-A8B6-F2BCF6B9B8BD/XX10961962,Chi Lao
/player/C36A90FE-DFA8-414B-A8B6-F2BCF6B9B8BD/1018454,Karina Wang
/player/C36A90FE-DFA8-414B-A8B6-F2BCF6B9B8BD/XX10954145,Navan Dendukuri
/player/C36A90FE-DFA8-414B-A8B6-F2BCF6B9B8BD/2033991,Danny Bi
/player/C36A90FE-DFA8-414B-A8B6-F2BCF6B9B8BD/XX10864039,Luke Trinh
/player/C36A90FE-DFA8-414B-A8B6-F2BCF6B9B8BD/XX10942269,Luong Duong
/player/C36A90FE-DFA8-414B-A8B6-F2BCF6B9B8BD/XX10958517,Vinh Duong
/player/Joseph Afan,Joseph Afan
/player/C36A90FE-DFA8-414B-A8B6-F2BCF6B9B8BD/7000009318,Juan Eduarso Eosas
/player/C36A90FE-DFA8-414B-A8B6-F2BCF6B9B8BD/royyang90,Roy Yang
/player/C36A90FE-DFA8-414B-A8B6-F2BCF6B9B8BD/cfang1030,Cindy Fang
/player/C36A90FE-DFA8-414B-A8B6-F2BCF6B9B8BD/XX10962690,Cheuk So
/player/C36A90FE-DFA8-414B-A8B6-F2BCF6B9B8BD/XX10962710,Nicole Chi Cheng
/player/C36A90FE-DFA8-414B-A8B6-F2BCF6B9B8BD/1018199,Martin Mitchel
/player/C36A90FE-DFA8-414B-A8B6-F2BCF6B9B8BD/2034510,Alyssa A. Sun
/player/C36A90FE-DFA8-414B-A8B6-F2BCF6B9B8BD/2032712,Justin Lam
/player/C36A90FE-DFA8-414B-A8B6-F2BCF6B9B8BD/2034525,Raeka Lin
/player/C36A90FE-DFA8-414B-A8B6-F2BCF6B9B8BD/None,Angel Zhou
/player/C36A90FE-DFA8-414B-A8B6-F2BCF6B9B8BD/XX10962611,Tiffany Truong
/player/C36A90FE-DFA8-414B-A8B6-F2BCF6B9B8BD/XX10900628,Joe Lam
/player/C36A90FE-DFA8-414B-A8B6-F2BCF6B9B8BD/XX10900497,Gina Ngoc Tran
/player/C36A90FE-DFA8-414B-A8B6-F2BCF6B9B8BD/XX10962535,Anish Pansare
/player/C36A90FE-DFA8-414B-A8B6-F2BCF6B9B8BD/XX10962536,Sayali Date
/player/C36A90FE-DFA8-414B-A8B6-F2BCF6B9B8BD/47608,Jeffrey Ma
/player/C36A90FE-DFA8-414B-A8B6-F2BCF6B9B8BD/1018449,Sarah Chun
/player/C36A90FE-DFA8-414B-A8B6-F2BCF6B9B8BD/XX10888972,Shreya Ramakrishnan
/player/Michelle Guan,Michelle Guan
/player/C36A90FE-DFA8-414B-A8B6-F2BCF6B9B8BD/11110000,Jimmy Nguyen
/player/C36A90FE-DFA8-414B-A8B6-F2BCF6B9B8BD/XX10958495,Nancy Liu
/player/C36A90FE-DFA8-414B-A8B6-F2BCF6B9B8BD/52616,Hugo Lin
/player/C36A90FE-DFA8-414B-A8B6-F2BCF6B9B8BD/51182,Sabrina Liu
/player/Elisse Dy,Elisse Dy
/player/Lucas Morales,Lucas Morales
/player/C36A90FE-DFA8-414B-A8B6-F2BCF6B9B8BD/XX10958590,Nihal Kadamba
/player/C36A90FE-DFA8-414B-A8B6-F2BCF6B9B8BD/XX10954298,Prutha Ramaprakas Bharadwaj
/player/C36A90FE-DFA8-414B-A8B6-F2BCF6B9B8BD/Trumantang,Truman Tang
/player/C36A90FE-DFA8-414B-A8B6-F2BCF6B9B8BD/juliepham,Julie Pham
/player/C36A90FE-DFA8-414B-A8B6-F2BCF6B9B8BD/47674,Michelle Lin
/player/C36A90FE-DFA8-414B-A8B6-F2BCF6B9B8BD/XX10942817,Trang T Le
/player/C36A90FE-DFA8-414B-A8B6-F2BCF6B9B8BD/709264,Kathleen Dela Rea
/player/C36A90FE-DFA8-414B-A8B6-F2BCF6B9B8BD/1018942,Darron Jaden Su
/player/C36A90FE-DFA8-414B-A8B6-F2BCF6B9B8BD/XX10909640,Manomaysubban Narasimha
/player/C36A90FE-DFA8-414B-A8B6-F2BCF6B9B8BD/XX10942538,Andrew Hua
/player/C36A90FE-DFA8-414B-A8B6-F2BCF6B9B8BD/XX10962617,Diljot Singh
/player/C36A90FE-DFA8-414B-A8B6-F2BCF6B9B8BD/XX10836954,Andrew Cho
/player/C36A90FE-DFA8-414B-A8B6-F2BCF6B9B8BD/XX10942387,Jake Walker
/player/C36A90FE-DFA8-414B-A8B6-F2BCF6B9B8BD/XX10940279,Faheem Nagpurwala
/player/C36A90FE-DFA8-414B-A8B6-F2BCF6B9B8BD/2033232,Alan Lam
/player/Wendy Lee,Wendy Lee
/player/C36A90FE-DFA8-414B-A8B6-F2BCF6B9B8BD/XX10954151,Serena Wang
/player/C36A90FE-DFA8-414B-A8B6-F2BCF6B9B8BD/XX10935772,Michelle Hsu
/player/C36A90FE-DFA8-414B-A8B6-F2BCF6B9B8BD/XX10953999,Milton Lee
/player/C36A90FE-DFA8-414B-A8B6-F2BCF6B9B8BD/XX10954008,Bin Cheng
/player/C36A90FE-DFA8-414B-A8B6-F2BCF6B9B8BD/XX10880902,Janet Dang
/player/C36A90FE-DFA8-414B-A8B6-F2BCF6B9B8BD/XX10954229,Kyra Sunil
/player/C36A90FE-DFA8-414B-A8B6-F2BCF6B9B8BD/XX10942885,Patrice Cheung
/player/C36A90FE-DFA8-414B-A8B6-F2BCF6B9B8BD/2033896,Gabriella Ho
/player/C36A90FE-DFA8-414B-A8B6-F2BCF6B9B8BD/XX10928213,Emily Yu Xin Sun
/player/C36A90FE-DFA8-414B-A8B6-F2BCF6B9B8BD/XX10961574,Karis Sumarsono
/player/C36A90FE-DFA8-414B-A8B6-F2BCF6B9B8BD/XX10888689,Martin Nguyen
/player/C36A90FE-DFA8-414B-A8B6-F2BCF6B9B8BD/XX10888898,Serena Cintien Pu
/player/C36A90FE-DFA8-414B-A8B6-F2BCF6B9B8BD/95016633,Alan Cong-xi Chen
/player/Jerry Liu,Jerry Liu
/player/C36A90FE-DFA8-414B-A8B6-F2BCF6B9B8BD/2034051,Kristine Nicole Ngo
/player/C36A90FE-DFA8-414B-A8B6-F2BCF6B9B8BD/47614,Ivy Wang
/player/C36A90FE-DFA8-414B-A8B6-F2BCF6B9B8BD/XX10920750,Helene Nguyen
/player/C36A90FE-DFA8-414B-A8B6-F2BCF6B9B8BD/100,Janine Nguyen
/player/C36A90FE-DFA8-414B-A8B6-F2BCF6B9B8BD/XX10954084,Betty Yang
/player/C36A90FE-DFA8-414B-A8B6-F2BCF6B9B8BD/XX10881863,Cheryl Cai
/player/Charvi Sharma,Charvi Sharma
/player/C36A90FE-DFA8-414B-A8B6-F2BCF6B9B8BD/042599,Mindy Tran Dinh
/player/C36A90FE-DFA8-414B-A8B6-F2BCF6B9B8BD/111777999,Ngoc Truong
/player/C36A90FE-DFA8-414B-A8B6-F2BCF6B9B8BD/XX9973946,Kayleen Chin
/player/C36A90FE-DFA8-414B-A8B6-F2BCF6B9B8BD/48017,Zoe Lu
/player/C36A90FE-DFA8-414B-A8B6-F2BCF6B9B8BD/47378,Prisha R Bharadwaj
/player/C36A90FE-DFA8-414B-A8B6-F2BCF6B9B8BD/XX10962218,Jie Tang
/player/C36A90FE-DFA8-414B-A8B6-F2BCF6B9B8BD/XX10954069,Elaine Huang
/player/C36A90FE-DFA8-414B-A8B6-F2BCF6B9B8BD/XX10949311,Carolyn Nguyen
/player/C36A90FE-DFA8-414B-A8B6-F2BCF6B9B8BD/1019448,Nayana Balusu
/player/C36A90FE-DFA8-414B-A8B6-F2BCF6B9B8BD/47917,Tiffany Chen
/player/C36A90FE-DFA8-414B-A8B6-F2BCF6B9B8BD/XX10917475,Chanmi Shin
/player/C36A90FE-DFA8-414B-A8B6-F2BCF6B9B8BD/XX10909769,Meghna Rajan
/player/C36A90FE-DFA8-414B-A8B6-F2BCF6B9B8BD/XX10958570,Sophie J. Zhao
/player/Christina Lam,Christina Lam
/player/C36A90FE-DFA8-414B-A8B6-F2BCF6B9B8BD/47326,Amber Low
/player/C36A90FE-DFA8-414B-A8B6-F2BCF6B9B8BD/1019333,Katherine Cai
/player/C36A90FE-DFA8-414B-A8B6-F2BCF6B9B8BD/2033453,Angela Zhang
/player/C36A90FE-DFA8-414B-A8B6-F2BCF6B9B8BD/XX10958491,Kiran Manghnani
/player/C36A90FE-DFA8-414B-A8B6-F2BCF6B9B8BD/ankie1022,Ankie Tong
/player/C36A90FE-DFA8-414B-A8B6-F2BCF6B9B8BD/641,Jerry Ju
/player/C36A90FE-DFA8-414B-A8B6-F2BCF6B9B8BD/XX10951359,Alan Trinh
/player/C36A90FE-DFA8-414B-A8B6-F2BCF6B9B8BD/37906XQ,Kelvin Chong
/player/C36A90FE-DFA8-414B-A8B6-F2BCF6B9B8BD/2033308,Alohi Sheung
/player/C36A90FE-DFA8-414B-A8B6-F2BCF6B9B8BD/XX10958801,Pho V Le
/player/C36A90FE-DFA8-414B-A8B6-F2BCF6B9B8BD/XX10956978,Nhan Ton
/player/C36A90FE-DFA8-414B-A8B6-F2BCF6B9B8BD/401620,Eric Duong
/player/C36A90FE-DFA8-414B-A8B6-F2BCF6B9B8BD/2033615,Daniel Fung
/player/C36A90FE-DFA8-414B-A8B6-F2BCF6B9B8BD/3427,Aaron Low
/player/C36A90FE-DFA8-414B-A8B6-F2BCF6B9B8BD/2034043,Adrian Mar
/player/C36A90FE-DFA8-414B-A8B6-F2BCF6B9B8BD/2034311,Cj Cullen
/player/C36A90FE-DFA8-414B-A8B6-F2BCF6B9B8BD/1092,Andrew Santos
/player/C36A90FE-DFA8-414B-A8B6-F2BCF6B9B8BD/1018631,Steve zhikai Su
/player/C36A90FE-DFA8-414B-A8B6-F2BCF6B9B8BD/47267,Tommy Tan
/player/C36A90FE-DFA8-414B-A8B6-F2BCF6B9B8BD/Nippon Badminton Ass,Chris Yonekura Do
/player/C36A90FE-DFA8-414B-A8B6-F2BCF6B9B8BD/XX10962584,Johnjo Riguera
/player/C36A90FE-DFA8-414B-A8B6-F2BCF6B9B8BD/XX10952435,David Jiun-Ming Chen
/player/C36A90FE-DFA8-414B-A8B6-F2BCF6B9B8BD/2034552,Sean(Hsi) Chen
/player/C36A90FE-DFA8-414B-A8B6-F2BCF6B9B8BD/XX10958303,Larry Chan
/player/C36A90FE-DFA8-414B-A8B6-F2BCF6B9B8BD/XX10949214,Anthony Quach
/player/C36A90FE-DFA8-414B-A8B6-F2BCF6B9B8BD/69696969696969696969,Vannie Boy
/player/Chetan Kidamba,Chetan Kidamba
/player/C36A90FE-DFA8-414B-A8B6-F2BCF6B9B8BD/XX10954311,Ramaprakash Sathyanarayan
/player/C36A90FE-DFA8-414B-A8B6-F2BCF6B9B8BD/XX10942659,Ivy Xie
/player/C36A90FE-DFA8-414B-A8B6-F2BCF6B9B8BD/2034524,Jakin Lin
/player/C36A90FE-DFA8-414B-A8B6-F2BCF6B9B8BD/XX10962735,Long tieu Chung
/player/C36A90FE-DFA8-414B-A8B6-F2BCF6B9B8BD/XX10962707,Michelle Wu
/player/C36A90FE-DFA8-414B-A8B6-F2BCF6B9B8BD/XX10962165,Nancy Mei
/player/C36A90FE-DFA8-414B-A8B6-F2BCF6B9B8BD/47410,Arjun Loganathan
/player/C36A90FE-DFA8-414B-A8B6-F2BCF6B9B8BD/12345,Supriya Shingade
/player/C36A90FE-DFA8-414B-A8B6-F2BCF6B9B8BD/XX10894420,Lynette Loo
/player/C36A90FE-DFA8-414B-A8B6-F2BCF6B9B8BD/Sk3tchyKitty1004,Rachel Kim Hyun
/player/C36A90FE-DFA8-414B-A8B6-F2BCF6B9B8BD/2034035,Edison Y Y Ma
/player/C36A90FE-DFA8-414B-A8B6-F2BCF6B9B8BD/Muffin,Laura Mock
/player/C36A90FE-DFA8-414B-A8B6-F2BCF6B9B8BD/XX10873690,Dana Choy
/player/C36A90FE-DFA8-414B-A8B6-F2BCF6B9B8BD/2035032,Mona Sheung
/player/C36A90FE-DFA8-414B-A8B6-F2BCF6B9B8BD/47841,Kenny Wei Chen
/player/C36A90FE-DFA8-414B-A8B6-F2BCF6B9B8BD/XX10876892,Hien Thanh Phan
/player/C36A90FE-DFA8-414B-A8B6-F2BCF6B9B8BD/33957YJ,Timothy Tong
/player/C36A90FE-DFA8-414B-A8B6-F2BCF6B9B8BD/XX5535685,Ronald Pye Phyo Koko
/player/C36A90FE-DFA8-414B-A8B6-F2BCF6B9B8BD/2033564,Martina Reyes
/player/C36A90FE-DFA8-414B-A8B6-F2BCF6B9B8BD/XX10957264,Crystal Diem-My Doan
/player/C36A90FE-DFA8-414B-A8B6-F2BCF6B9B8BD/XX10954236,Emerald Doan
/player/C36A90FE-DFA8-414B-A8B6-F2BCF6B9B8BD/XX10871886,Gayatri Raut
/player/C36A90FE-DFA8-414B-A8B6-F2BCF6B9B8BD/XX10888760,Annie Y Tong
/player/C36A90FE-DFA8-414B-A8B6-F2BCF6B9B8BD/XX10809205,Huong Le
/player/Janeene Yeh,Janeene Yeh
/player/C36A90FE-DFA8-414B-A8B6-F2BCF6B9B8BD/Xx601,Alisa Phung
/player/C36A90FE-DFA8-414B-A8B6-F2BCF6B9B8BD/adrianna.ng98,Adrianna K Ng
/player/C36A90FE-DFA8-414B-A8B6-F2BCF6B9B8BD/2033895,Graciella Ho
/player/C36A90FE-DFA8-414B-A8B6-F2BCF6B9B8BD/47873,Connie M Chen
/player/C36A90FE-DFA8-414B-A8B6-F2BCF6B9B8BD/XX10897388,Anna Zhou
/player/C36A90FE-DFA8-414B-A8B6-F2BCF6B9B8BD/XX10919711,Nhan Nguyen
/player/Karthik V Kalyanasundaram,Karthik V Kalyanasundaram
/player/C36A90FE-DFA8-414B-A8B6-F2BCF6B9B8BD/2034182,Jessica zi-yun Wang
/player/C36A90FE-DFA8-414B-A8B6-F2BCF6B9B8BD/XX10962652,Kranti Talluri
/player/C36A90FE-DFA8-414B-A8B6-F2BCF6B9B8BD/XX10962785,Ryan Tran
/player/C36A90FE-DFA8-414B-A8B6-F2BCF6B9B8BD/800000,Lydia Li
/player/C36A90FE-DFA8-414B-A8B6-F2BCF6B9B8BD/dorketwee,Twee Phan
/player/Catherine Liu,Catherine Liu
/player/C36A90FE-DFA8-414B-A8B6-F2BCF6B9B8BD/2033309,Kalea Sheung
/player/C36A90FE-DFA8-414B-A8B6-F2BCF6B9B8BD/XX10957161,Aliza Van Truong
/player/C36A90FE-DFA8-414B-A8B6-F2BCF6B9B8BD/XX10958691,Cindy Chen
/player/C36A90FE-DFA8-414B-A8B6-F2BCF6B9B8BD/XX10958703,Kelley Yuan
/player/Carissa Cui,Carissa Cui
/player/C36A90FE-DFA8-414B-A8B6-F2BCF6B9B8BD/665,Tammy Xie
/player/C36A90FE-DFA8-414B-A8B6-F2BCF6B9B8BD/XX10962763,Namratha Prithviraj
/player/C36A90FE-DFA8-414B-A8B6-F2BCF6B9B8BD/XX10962776,Julia Tu
/player/C36A90FE-DFA8-414B-A8B6-F2BCF6B9B8BD/XX10953994,Riya Arora
/player/C36A90FE-DFA8-414B-A8B6-F2BCF6B9B8BD/XX10954009,Mili Gupta
/player/C36A90FE-DFA8-414B-A8B6-F2BCF6B9B8BD/36921XJ,Breanna Chi
/player/C36A90FE-DFA8-414B-A8B6-F2BCF6B9B8BD/401072,Brian Duong
/player/C36A90FE-DFA8-414B-A8B6-F2BCF6B9B8BD/XX10916364,Rahul Immandira
/player/C36A90FE-DFA8-414B-A8B6-F2BCF6B9B8BD/401380,Justin Ma
/player/C36A90FE-DFA8-414B-A8B6-F2BCF6B9B8BD/36,Eric JC Jiang
/player/C36A90FE-DFA8-414B-A8B6-F2BCF6B9B8BD/2032721,Isabelle Rusli
/player/C36A90FE-DFA8-414B-A8B6-F2BCF6B9B8BD/2033555,Vanessa Yang
/player/C36A90FE-DFA8-414B-A8B6-F2BCF6B9B8BD/10015861,Megan Hsiao
/player/C36A90FE-DFA8-414B-A8B6-F2BCF6B9B8BD/2034201,Cynthia Wong
/player/C36A90FE-DFA8-414B-A8B6-F2BCF6B9B8BD/400002,Serge Blanchet
/player/C36A90FE-DFA8-414B-A8B6-F2BCF6B9B8BD/XX10957658,Haoming Chen
/player/C36A90FE-DFA8-414B-A8B6-F2BCF6B9B8BD/401462,Michelle Zhang
/player/C36A90FE-DFA8-414B-A8B6-F2BCF6B9B8BD/1018811,Yuteng Wu
