/player/C36A90FE-DFA8-414B-A8B6-F2BCF6B9B8BD/georgeyap,George Yap
/player/C36A90FE-DFA8-414B-A8B6-F2BCF6B9B8BD/12345678,Guo Chen
/player/C36A90FE-DFA8-414B-A8B6-F2BCF6B9B8BD/1019649,Yuxuan Ha
/player/C36A90FE-DFA8-414B-A8B6-F2BCF6B9B8BD/123199201,Glen Ham
/player/C36A90FE-DFA8-414B-A8B6-F2BCF6B9B8BD/kmangiants,Kshitij Mehta
/player/C36A90FE-DFA8-414B-A8B6-F2BCF6B9B8BD/1528519,Bin Chen
/player/C36A90FE-DFA8-414B-A8B6-F2BCF6B9B8BD/78825361,Tom Sun
/player/C36A90FE-DFA8-414B-A8B6-F2BCF6B9B8BD/35486WC,Zhenxin Wong
/player/C36A90FE-DFA8-414B-A8B6-F2BCF6B9B8BD/666,Dima Gutnik
/player/C36A90FE-DFA8-414B-A8B6-F2BCF6B9B8BD/Hello,Leo Wang
/player/C36A90FE-DFA8-414B-A8B6-F2BCF6B9B8BD/4931,Michael Young
/player/C36A90FE-DFA8-414B-A8B6-F2BCF6B9B8BD/100369,Jonathan Man jun Yam
/player/C36A90FE-DFA8-414B-A8B6-F2BCF6B9B8BD/74321,Thenuk Chandrasekera
/player/C36A90FE-DFA8-414B-A8B6-F2BCF6B9B8BD/none,William Lin
/player/C36A90FE-DFA8-414B-A8B6-F2BCF6B9B8BD/idontknowwhatmineis,Jeffry Ng
/player/C36A90FE-DFA8-414B-A8B6-F2BCF6B9B8BD/64321,Jayane Chandrasekera
/player/C36A90FE-DFA8-414B-A8B6-F2BCF6B9B8BD/47785,Kaihao Wen
/player/C36A90FE-DFA8-414B-A8B6-F2BCF6B9B8BD/NhanNguyen,Nhan Nguyen
/player/C36A90FE-DFA8-414B-A8B6-F2BCF6B9B8BD/92653,Dan Blike
/player/C36A90FE-DFA8-414B-A8B6-F2BCF6B9B8BD/36859PX,Anthony Wu
/player/C36A90FE-DFA8-414B-A8B6-F2BCF6B9B8BD/2033398,Vincent Keith Tsui
/player/C36A90FE-DFA8-414B-A8B6-F2BCF6B9B8BD/72299,Mason John Kralovec
/player/C36A90FE-DFA8-414B-A8B6-F2BCF6B9B8BD/47375,Primo Mu
/player/C36A90FE-DFA8-414B-A8B6-F2BCF6B9B8BD/3327,Aashil Dhiraj Vitha
/player/C36A90FE-DFA8-414B-A8B6-F2BCF6B9B8BD/420,Bendon Long Tran
/player/C36A90FE-DFA8-414B-A8B6-F2BCF6B9B8BD/HiroLe,Tommy Le
/player/C36A90FE-DFA8-414B-A8B6-F2BCF6B9B8BD/10218976,Hansel Rahardjo
/player/C36A90FE-DFA8-414B-A8B6-F2BCF6B9B8BD/81843171,Chris Nguyen
/player/C36A90FE-DFA8-414B-A8B6-F2BCF6B9B8BD/Nick,Nicholas V Nguyen
/player/C36A90FE-DFA8-414B-A8B6-F2BCF6B9B8BD/EWBP,Elijah Gabriel Wimsatt
/player/C36A90FE-DFA8-414B-A8B6-F2BCF6B9B8BD/36960ST,Zhenli Wong
/player/C36A90FE-DFA8-414B-A8B6-F2BCF6B9B8BD/5514256,Andrew Tanmajo
/player/C36A90FE-DFA8-414B-A8B6-F2BCF6B9B8BD/36266LK,Angeni Muralidhar
/player/C36A90FE-DFA8-414B-A8B6-F2BCF6B9B8BD/0760669,Rusty Lorenzo Ramos
/player/C36A90FE-DFA8-414B-A8B6-F2BCF6B9B8BD/5564550,Demi Do
/player/Codey Ma,Codey Ma
/player/C36A90FE-DFA8-414B-A8B6-F2BCF6B9B8BD/2034167,Kodi Tang Lee
/player/C36A90FE-DFA8-414B-A8B6-F2BCF6B9B8BD/179324865,Samuel Luther Ellison
/player/C36A90FE-DFA8-414B-A8B6-F2BCF6B9B8BD/578476286,Jasmin L Tran
/player/C36A90FE-DFA8-414B-A8B6-F2BCF6B9B8BD/704622997,Curtis K Ngo
/player/C36A90FE-DFA8-414B-A8B6-F2BCF6B9B8BD/michellexu,Michelle Xu
/player/C36A90FE-DFA8-414B-A8B6-F2BCF6B9B8BD/ABA,Isaiah Delos Reyes
/player/C36A90FE-DFA8-414B-A8B6-F2BCF6B9B8BD/asdfghjkl,Hien Le
/player/C36A90FE-DFA8-414B-A8B6-F2BCF6B9B8BD/not applicable,Kyle Ng
/player/C36A90FE-DFA8-414B-A8B6-F2BCF6B9B8BD/Cindychan,Cindy Chan
/player/Kyle K Ngo,Kyle K Ngo
/player/C36A90FE-DFA8-414B-A8B6-F2BCF6B9B8BD/A01184261,Juliah Sung Kyung Lee
/player/C36A90FE-DFA8-414B-A8B6-F2BCF6B9B8BD/0714,David Sok
/player/C36A90FE-DFA8-414B-A8B6-F2BCF6B9B8BD/013714010,Jessica Carpenter
/player/C36A90FE-DFA8-414B-A8B6-F2BCF6B9B8BD/2032715,Jonathan Hui
/player/C36A90FE-DFA8-414B-A8B6-F2BCF6B9B8BD/1019808,Shirley Liu
/player/C36A90FE-DFA8-414B-A8B6-F2BCF6B9B8BD/0422,Lawrence Liu
/player/C36A90FE-DFA8-414B-A8B6-F2BCF6B9B8BD/2036061,Megan Cheelam Lee
/player/C36A90FE-DFA8-414B-A8B6-F2BCF6B9B8BD/061138,Ralph Poon
/player/C36A90FE-DFA8-414B-A8B6-F2BCF6B9B8BD/1991215,Lingyu Zhang
/player/Arpan Giri,Arpan Giri
/player/C36A90FE-DFA8-414B-A8B6-F2BCF6B9B8BD/A91005328,Hortense Le
/player/Daniel Byun,Daniel Byun
/player/C36A90FE-DFA8-414B-A8B6-F2BCF6B9B8BD/4562,Aurora Ignacio
/player/C36A90FE-DFA8-414B-A8B6-F2BCF6B9B8BD/nothing,Caleb Hsieh
/player/C36A90FE-DFA8-414B-A8B6-F2BCF6B9B8BD/carissasaylor,Carissa Saylor
/player/C36A90FE-DFA8-414B-A8B6-F2BCF6B9B8BD/Kuya.Chris,Chris Leonard
/player/C36A90FE-DFA8-414B-A8B6-F2BCF6B9B8BD/26662238,Nina Nguyen
/player/Adrian Patrick Sin,Adrian Patrick Sin
/player/C36A90FE-DFA8-414B-A8B6-F2BCF6B9B8BD/4045855,Helen Wong
/player/C36A90FE-DFA8-414B-A8B6-F2BCF6B9B8BD/2024,Bryan Chong
/player/C36A90FE-DFA8-414B-A8B6-F2BCF6B9B8BD/??????,Allison Young
/player/Albert Nguyen,Albert Nguyen
/player/C36A90FE-DFA8-414B-A8B6-F2BCF6B9B8BD/143,Thu Le
/player/C36A90FE-DFA8-414B-A8B6-F2BCF6B9B8BD/1234512345,Henry Ma
/player/C36A90FE-DFA8-414B-A8B6-F2BCF6B9B8BD/karen,Karen Zhu
/player/C36A90FE-DFA8-414B-A8B6-F2BCF6B9B8BD/None123,Jonathan Yuanming Xu
/player/C36A90FE-DFA8-414B-A8B6-F2BCF6B9B8BD/none321,Sisi Ren
/player/C36A90FE-DFA8-414B-A8B6-F2BCF6B9B8BD/131,Eric Truong
/player/Julim Taing,Julim Taing
/player/C36A90FE-DFA8-414B-A8B6-F2BCF6B9B8BD/JulianMorales,Julian Carlos Morales
/player/C36A90FE-DFA8-414B-A8B6-F2BCF6B9B8BD/Makisig,Selina Alexandria Manlapaz
/player/C36A90FE-DFA8-414B-A8B6-F2BCF6B9B8BD/No id,King Diaz
/player/C36A90FE-DFA8-414B-A8B6-F2BCF6B9B8BD/Dannica Angeles,Dannica Angeles
/player/C36A90FE-DFA8-414B-A8B6-F2BCF6B9B8BD/204688165,Kun Zhou
/player/C36A90FE-DFA8-414B-A8B6-F2BCF6B9B8BD/2032966,Eugene Kong
/player/C36A90FE-DFA8-414B-A8B6-F2BCF6B9B8BD/45342,Jon Lee
/player/C36A90FE-DFA8-414B-A8B6-F2BCF6B9B8BD/674537,Rui Wang
/player/C36A90FE-DFA8-414B-A8B6-F2BCF6B9B8BD/36908IY,Mia Tsao
/player/C36A90FE-DFA8-414B-A8B6-F2BCF6B9B8BD/lolyou,Will Cheng
/player/C36A90FE-DFA8-414B-A8B6-F2BCF6B9B8BD/1367378,Waylen Fu
/player/C36A90FE-DFA8-414B-A8B6-F2BCF6B9B8BD/811811811,Anthony Bahadir Lopez
/player/C36A90FE-DFA8-414B-A8B6-F2BCF6B9B8BD/Justeen,Justeen Lee
/player/C36A90FE-DFA8-414B-A8B6-F2BCF6B9B8BD/891992,Bhrugesh P Desai
/player/C36A90FE-DFA8-414B-A8B6-F2BCF6B9B8BD/204993293,Xing Yi Liu
/player/C36A90FE-DFA8-414B-A8B6-F2BCF6B9B8BD/123454321,Howard Liu
/player/C36A90FE-DFA8-414B-A8B6-F2BCF6B9B8BD/200504622,Elvin Drew Hao
/player/C36A90FE-DFA8-414B-A8B6-F2BCF6B9B8BD/35722ZD,Chingsong Teo
/player/C36A90FE-DFA8-414B-A8B6-F2BCF6B9B8BD/704785060,Yikuan He
/player/C36A90FE-DFA8-414B-A8B6-F2BCF6B9B8BD/91753718,Qizheng Ace Qian
/player/C36A90FE-DFA8-414B-A8B6-F2BCF6B9B8BD/47060,Grimaldy N Gunawan
/player/C36A90FE-DFA8-414B-A8B6-F2BCF6B9B8BD/69696969696969696969,Vannie Boy
/player/C36A90FE-DFA8-414B-A8B6-F2BCF6B9B8BD/072994,Christina Ja
/player/C36A90FE-DFA8-414B-A8B6-F2BCF6B9B8BD/amysha1221,Amy Sha
/player/C36A90FE-DFA8-414B-A8B6-F2BCF6B9B8BD/Issac,Issac Lorico
/player/C36A90FE-DFA8-414B-A8B6-F2BCF6B9B8BD/2036070,Pauline Tong
/player/C36A90FE-DFA8-414B-A8B6-F2BCF6B9B8BD/400438,Carissa Chung
/player/C36A90FE-DFA8-414B-A8B6-F2BCF6B9B8BD/050600,Andrei Pedernal
/player/C36A90FE-DFA8-414B-A8B6-F2BCF6B9B8BD/016446948,Katie Minju Choi
/player/C36A90FE-DFA8-414B-A8B6-F2BCF6B9B8BD/yg4hun,Aren Jacob Agoncillo
/player/C36A90FE-DFA8-414B-A8B6-F2BCF6B9B8BD/pokemon100,Randy Hol
/player/C36A90FE-DFA8-414B-A8B6-F2BCF6B9B8BD/mem009,Morgan Edward Cro Miller
/player/C36A90FE-DFA8-414B-A8B6-F2BCF6B9B8BD/Peasant2,Jay King Chea
/player/Ethan Samnang Song,Ethan Samnang Song
/player/C36A90FE-DFA8-414B-A8B6-F2BCF6B9B8BD/2032622,Alex Gonsalves
/player/C36A90FE-DFA8-414B-A8B6-F2BCF6B9B8BD/Lawrence_Chen,Lawrence L Chen
/player/C36A90FE-DFA8-414B-A8B6-F2BCF6B9B8BD/5552644,Anna Lang
/player/C36A90FE-DFA8-414B-A8B6-F2BCF6B9B8BD/6262489,Solomon Dovinh
/player/C36A90FE-DFA8-414B-A8B6-F2BCF6B9B8BD/05287071,Cassandra Chiang
/player/C36A90FE-DFA8-414B-A8B6-F2BCF6B9B8BD/35536GW,Yu Jiang
/player/C36A90FE-DFA8-414B-A8B6-F2BCF6B9B8BD/002244,Alejandra Dominguez
/player/Evelyn Tan,Evelyn Tan
/player/C36A90FE-DFA8-414B-A8B6-F2BCF6B9B8BD/7777777,Ryan Suwito
/player/C36A90FE-DFA8-414B-A8B6-F2BCF6B9B8BD/55555,Vicky Hoang
/player/C36A90FE-DFA8-414B-A8B6-F2BCF6B9B8BD/banana,Huyen Duong
/player/C36A90FE-DFA8-414B-A8B6-F2BCF6B9B8BD/14632376,Quhan He
/player/C36A90FE-DFA8-414B-A8B6-F2BCF6B9B8BD/12121212,Steven Phan
/player/C36A90FE-DFA8-414B-A8B6-F2BCF6B9B8BD/54321,Lumbini Chandrasekera
/player/C36A90FE-DFA8-414B-A8B6-F2BCF6B9B8BD/121299,Kenneth Chang
/player/C36A90FE-DFA8-414B-A8B6-F2BCF6B9B8BD/69746920,Junfeng Liu
/player/C36A90FE-DFA8-414B-A8B6-F2BCF6B9B8BD/9131864,Joshua C Lee
/player/C36A90FE-DFA8-414B-A8B6-F2BCF6B9B8BD/Dale Kim,Dale Kim
/player/C36A90FE-DFA8-414B-A8B6-F2BCF6B9B8BD/Bcc,Benjamin Kumar
/player/C36A90FE-DFA8-414B-A8B6-F2BCF6B9B8BD/Christopher Vuong,Christopher Vuong
/player/C36A90FE-DFA8-414B-A8B6-F2BCF6B9B8BD/BC10403,Peter Hu
/player/C36A90FE-DFA8-414B-A8B6-F2BCF6B9B8BD/sbc1,Salvador Galvan
/player/C36A90FE-DFA8-414B-A8B6-F2BCF6B9B8BD/Allie,Allie Corinne Espino
/player/C36A90FE-DFA8-414B-A8B6-F2BCF6B9B8BD/821477716,Lilian Vu
/player/C36A90FE-DFA8-414B-A8B6-F2BCF6B9B8BD/36557DO,Yoon Ei Noe
/player/Thai Tran,Thai Tran
/player/C36A90FE-DFA8-414B-A8B6-F2BCF6B9B8BD/804237453,Yicheng Wang
/player/C36A90FE-DFA8-414B-A8B6-F2BCF6B9B8BD/420420420420,Alice Lai
/player/C36A90FE-DFA8-414B-A8B6-F2BCF6B9B8BD/44444444,Kevin Lam
/player/C36A90FE-DFA8-414B-A8B6-F2BCF6B9B8BD/200411369,Johnathan Ly
/player/C36A90FE-DFA8-414B-A8B6-F2BCF6B9B8BD/628,Darren Lo
/player/C36A90FE-DFA8-414B-A8B6-F2BCF6B9B8BD/2034616,Clay Gilmour
/player/C36A90FE-DFA8-414B-A8B6-F2BCF6B9B8BD/2033401,Alvin So
/player/Sambo sam Kim,Sambo sam Kim
/player/C36A90FE-DFA8-414B-A8B6-F2BCF6B9B8BD/2035732,Osama Abid
/player/C36A90FE-DFA8-414B-A8B6-F2BCF6B9B8BD/0004956,Weijun Peng
/player/C36A90FE-DFA8-414B-A8B6-F2BCF6B9B8BD/2515434611522,Gumaro Diaz
/player/C36A90FE-DFA8-414B-A8B6-F2BCF6B9B8BD/2034132,Ali Viettry
/player/C36A90FE-DFA8-414B-A8B6-F2BCF6B9B8BD/2034573,Ethan Chang
/player/C36A90FE-DFA8-414B-A8B6-F2BCF6B9B8BD/7548,Tony Baek
/player/C36A90FE-DFA8-414B-A8B6-F2BCF6B9B8BD/2035502,Ken Zhu
/player/C36A90FE-DFA8-414B-A8B6-F2BCF6B9B8BD/47637,Jennifer Xin
/player/C36A90FE-DFA8-414B-A8B6-F2BCF6B9B8BD/401381,Ashwin Narkar
/player/C36A90FE-DFA8-414B-A8B6-F2BCF6B9B8BD/401647,Stephanie Lam
/player/Yiling Kang,Yiling Kang
/player/C36A90FE-DFA8-414B-A8B6-F2BCF6B9B8BD/47113,Graceline N Gunawan
/player/C36A90FE-DFA8-414B-A8B6-F2BCF6B9B8BD/ON11477,Chinue De La Merced
/player/C36A90FE-DFA8-414B-A8B6-F2BCF6B9B8BD/2035753,Candace Wong
/player/C36A90FE-DFA8-414B-A8B6-F2BCF6B9B8BD/0000111,Myanh P Tran
/player/C36A90FE-DFA8-414B-A8B6-F2BCF6B9B8BD/Lily,Lily Wu
/player/C36A90FE-DFA8-414B-A8B6-F2BCF6B9B8BD/30662751,Thomas Zheng
/player/C36A90FE-DFA8-414B-A8B6-F2BCF6B9B8BD/61999,Mark Shelley Cabanellas Alcala
/player/C36A90FE-DFA8-414B-A8B6-F2BCF6B9B8BD/463,Jordy Supandi
/player/C36A90FE-DFA8-414B-A8B6-F2BCF6B9B8BD/jeonbriann,Brian Jeon
/player/C36A90FE-DFA8-414B-A8B6-F2BCF6B9B8BD/36249LW,Jill Yun Chiang
/player/C36A90FE-DFA8-414B-A8B6-F2BCF6B9B8BD/401064,Rebecca P. Tzou
/player/C36A90FE-DFA8-414B-A8B6-F2BCF6B9B8BD/2033094,Cally Chung
/player/C36A90FE-DFA8-414B-A8B6-F2BCF6B9B8BD/34497TK,Jacqueline Ko
/player/C36A90FE-DFA8-414B-A8B6-F2BCF6B9B8BD/2036045,Henry Tang
/player/C36A90FE-DFA8-414B-A8B6-F2BCF6B9B8BD/2035737,Claire Wang
/player/C36A90FE-DFA8-414B-A8B6-F2BCF6B9B8BD/22865,Phillip Jap
/player/C36A90FE-DFA8-414B-A8B6-F2BCF6B9B8BD/Peasant1,Jalen Burke
/player/C36A90FE-DFA8-414B-A8B6-F2BCF6B9B8BD/Cal Poly SLO,Kevin Kong
/player/C36A90FE-DFA8-414B-A8B6-F2BCF6B9B8BD/vravuri,Vijay Ravuri
/player/C36A90FE-DFA8-414B-A8B6-F2BCF6B9B8BD/014134753,Abby Sophia Mccutcheon
/player/C36A90FE-DFA8-414B-A8B6-F2BCF6B9B8BD/Alex Cheng,Alex Cheng
/player/C36A90FE-DFA8-414B-A8B6-F2BCF6B9B8BD/1986,Saneesh (Sunny) Nambiadan
/player/C36A90FE-DFA8-414B-A8B6-F2BCF6B9B8BD/2033104,Angela Xinyu Zhang
/player/C36A90FE-DFA8-414B-A8B6-F2BCF6B9B8BD/A12163976,Eric John Syu
/player/Helen Fu,Helen Fu
/player/C36A90FE-DFA8-414B-A8B6-F2BCF6B9B8BD/37085CW,Chelcie Tjoeng
/player/C36A90FE-DFA8-414B-A8B6-F2BCF6B9B8BD/123456,Austin Lee
/player/Iris Wang,Iris Wang
/player/C36A90FE-DFA8-414B-A8B6-F2BCF6B9B8BD/2033894,Simeon Tong
/player/C36A90FE-DFA8-414B-A8B6-F2BCF6B9B8BD/2074,Mirabelle Huang
/player/C36A90FE-DFA8-414B-A8B6-F2BCF6B9B8BD/70789,Tiana Diem Tien Ton Nu
/player/C36A90FE-DFA8-414B-A8B6-F2BCF6B9B8BD/35835UN,Pakapong Mongkol
/player/C36A90FE-DFA8-414B-A8B6-F2BCF6B9B8BD/2034582,Daniel P Huang
/player/C36A90FE-DFA8-414B-A8B6-F2BCF6B9B8BD/007,Megumi Taruno
/player/C36A90FE-DFA8-414B-A8B6-F2BCF6B9B8BD/401373,Christopher Li
/player/C36A90FE-DFA8-414B-A8B6-F2BCF6B9B8BD/401392,Sonya Wong
/player/C36A90FE-DFA8-414B-A8B6-F2BCF6B9B8BD/401663,Kyle Jordan Emerick
/player/Xiaosong Gao,Xiaosong Gao
/player/Lantian Xiang,Lantian Xiang
/player/C36A90FE-DFA8-414B-A8B6-F2BCF6B9B8BD/1018755,Kevin(Taebin) Yoo
/player/C36A90FE-DFA8-414B-A8B6-F2BCF6B9B8BD/6969,Kenneth ManHong Lee
/player/C36A90FE-DFA8-414B-A8B6-F2BCF6B9B8BD/102030,Danny Zhou
/player/C36A90FE-DFA8-414B-A8B6-F2BCF6B9B8BD/10127004,Brandon Khang Wei Lee
/player/C36A90FE-DFA8-414B-A8B6-F2BCF6B9B8BD/010021193,Kevin Mulyawan
/player/C36A90FE-DFA8-414B-A8B6-F2BCF6B9B8BD/eric_lam,Eric Lam
/player/C36A90FE-DFA8-414B-A8B6-F2BCF6B9B8BD/21843956,Yuan Chiang
/player/C36A90FE-DFA8-414B-A8B6-F2BCF6B9B8BD/37525EY,Winston Tang
/player/C36A90FE-DFA8-414B-A8B6-F2BCF6B9B8BD/BADDIXX,Jake Del Villar
/player/C36A90FE-DFA8-414B-A8B6-F2BCF6B9B8BD/Baddixx1,Marty Pineda
/player/C36A90FE-DFA8-414B-A8B6-F2BCF6B9B8BD/1200453,Kevin Chen
/player/C36A90FE-DFA8-414B-A8B6-F2BCF6B9B8BD/vsoai,Vivian Soai
/player/C36A90FE-DFA8-414B-A8B6-F2BCF6B9B8BD/11111111,Jonathan Dwilaksono
/player/C36A90FE-DFA8-414B-A8B6-F2BCF6B9B8BD/Asdf,Faustino Aquino
/player/C36A90FE-DFA8-414B-A8B6-F2BCF6B9B8BD/PCAL21,Kevin Tai
/player/C36A90FE-DFA8-414B-A8B6-F2BCF6B9B8BD/ruan949557236,Leo Ruan
/player/C36A90FE-DFA8-414B-A8B6-F2BCF6B9B8BD/xjyux,Jonathan dn Yu
/player/C36A90FE-DFA8-414B-A8B6-F2BCF6B9B8BD/1234,Joe Alan Budiman
/player/C36A90FE-DFA8-414B-A8B6-F2BCF6B9B8BD/Christophy95,Christopher John Ignacio
/player/C36A90FE-DFA8-414B-A8B6-F2BCF6B9B8BD/20461249,Robert Daniel Ebojo
/player/C36A90FE-DFA8-414B-A8B6-F2BCF6B9B8BD/2034575,Joshua Tang Lee
/player/C36A90FE-DFA8-414B-A8B6-F2BCF6B9B8BD/ericso03031993,Eric So
/player/C36A90FE-DFA8-414B-A8B6-F2BCF6B9B8BD/804732311,Andrew Chen
/player/C36A90FE-DFA8-414B-A8B6-F2BCF6B9B8BD/1055,Bor-Chau Juang
/player/C36A90FE-DFA8-414B-A8B6-F2BCF6B9B8BD/2035069,Andy Lam
/player/C36A90FE-DFA8-414B-A8B6-F2BCF6B9B8BD/1234567,Michael Lam
/player/Chris Do Pham,Chris Do Pham
/player/C36A90FE-DFA8-414B-A8B6-F2BCF6B9B8BD/1984,Theresa Dao
/player/Trina Phan,Trina Phan
/player/C36A90FE-DFA8-414B-A8B6-F2BCF6B9B8BD/1020288,Katie Moon
/player/C36A90FE-DFA8-414B-A8B6-F2BCF6B9B8BD/38635MW,Salina Tang
/player/Catherine Tan,Catherine Tan
/player/C36A90FE-DFA8-414B-A8B6-F2BCF6B9B8BD/jayleejexicalee,Jessica Lee
/player/C36A90FE-DFA8-414B-A8B6-F2BCF6B9B8BD/81647720,Cindy T Nguyen
/player/C36A90FE-DFA8-414B-A8B6-F2BCF6B9B8BD/75669643,Summer Wong
/player/C36A90FE-DFA8-414B-A8B6-F2BCF6B9B8BD/012608623,Carolyn Nguyen
/player/C36A90FE-DFA8-414B-A8B6-F2BCF6B9B8BD/012021191,Cynthia Yang
/player/C36A90FE-DFA8-414B-A8B6-F2BCF6B9B8BD/1029384756,Bobby Ye
/player/C36A90FE-DFA8-414B-A8B6-F2BCF6B9B8BD/5393066,Trinh Lang
/player/C36A90FE-DFA8-414B-A8B6-F2BCF6B9B8BD/jsjsbdjaka,Nelson Pang
/player/C36A90FE-DFA8-414B-A8B6-F2BCF6B9B8BD/36148DC,Jingfeng Ou
/player/C36A90FE-DFA8-414B-A8B6-F2BCF6B9B8BD/37429HX,Owen Che
/player/C36A90FE-DFA8-414B-A8B6-F2BCF6B9B8BD/21357475,Jenson Lee
/player/C36A90FE-DFA8-414B-A8B6-F2BCF6B9B8BD/yeejayng,Yeejay Ng
/player/C36A90FE-DFA8-414B-A8B6-F2BCF6B9B8BD/2035135,Connor A Lam
/player/C36A90FE-DFA8-414B-A8B6-F2BCF6B9B8BD/2035734,Derrick Wong
/player/C36A90FE-DFA8-414B-A8B6-F2BCF6B9B8BD/204759412,Kevin Huang
/player/C36A90FE-DFA8-414B-A8B6-F2BCF6B9B8BD/3106543280,Wei-Chung Wang
/player/C36A90FE-DFA8-414B-A8B6-F2BCF6B9B8BD/004997065,Jordan Kungche Hsu
/player/C36A90FE-DFA8-414B-A8B6-F2BCF6B9B8BD/AskReddit,Shenq Jye Cheah
/player/C36A90FE-DFA8-414B-A8B6-F2BCF6B9B8BD/Ngu,Wilson Ngu
/player/Calvin Lin,Calvin Lin
/player/C36A90FE-DFA8-414B-A8B6-F2BCF6B9B8BD/123456789,Chun-Hao Jonathan Chang
/player/C36A90FE-DFA8-414B-A8B6-F2BCF6B9B8BD/1234567890,Yi-Jui Chang
/player/C36A90FE-DFA8-414B-A8B6-F2BCF6B9B8BD/101,Joshua Dao
/player/C36A90FE-DFA8-414B-A8B6-F2BCF6B9B8BD/BWF#26618 USAB#2230,Simon Wong
/player/C36A90FE-DFA8-414B-A8B6-F2BCF6B9B8BD/alanv,Alan Vong
/player/C36A90FE-DFA8-414B-A8B6-F2BCF6B9B8BD/904589280,Kaiyuan Jin
/player/C36A90FE-DFA8-414B-A8B6-F2BCF6B9B8BD/12345,Yichao Zhou
/player/C36A90FE-DFA8-414B-A8B6-F2BCF6B9B8BD/1018756,Lucas Yoo
/player/C36A90FE-DFA8-414B-A8B6-F2BCF6B9B8BD/CalPoly1234,Geth Wu
/player/C36A90FE-DFA8-414B-A8B6-F2BCF6B9B8BD/6453335,Sarah Thaw
/player/C36A90FE-DFA8-414B-A8B6-F2BCF6B9B8BD/0926,Brittany Tang
/player/C36A90FE-DFA8-414B-A8B6-F2BCF6B9B8BD/2033462,Claire Liang
/player/C36A90FE-DFA8-414B-A8B6-F2BCF6B9B8BD/34839RF,Shiyin Xin
/player/Christopher Kan,Christopher Kan
/player/Jesse Wang,Jesse Wang
/player/C36A90FE-DFA8-414B-A8B6-F2BCF6B9B8BD/36501GP,Ambrose So
/player/C36A90FE-DFA8-414B-A8B6-F2BCF6B9B8BD/192,Venugopal Malyala
/player/C36A90FE-DFA8-414B-A8B6-F2BCF6B9B8BD/3263,Yaamunan Venkatesan
/player/C36A90FE-DFA8-414B-A8B6-F2BCF6B9B8BD/N/A,Anthony Pacle Padilla
/player/Michael Xiong,Michael Xiong
/player/C36A90FE-DFA8-414B-A8B6-F2BCF6B9B8BD/1344,Ryan Nguyen Cao
/player/C36A90FE-DFA8-414B-A8B6-F2BCF6B9B8BD/01261932,Ai D Ngo
/player/C36A90FE-DFA8-414B-A8B6-F2BCF6B9B8BD/80085,Kristian Rodriguez
/player/C36A90FE-DFA8-414B-A8B6-F2BCF6B9B8BD/34574UJ,Andrew Kao
/player/C36A90FE-DFA8-414B-A8B6-F2BCF6B9B8BD/2035352,Meng-Yung Ong
/player/C36A90FE-DFA8-414B-A8B6-F2BCF6B9B8BD/stellatran,Stella bao vi Tran
/player/C36A90FE-DFA8-414B-A8B6-F2BCF6B9B8BD/718371,Kaung Myat
/player/C36A90FE-DFA8-414B-A8B6-F2BCF6B9B8BD/noidear,Derek Tu
/player/C36A90FE-DFA8-414B-A8B6-F2BCF6B9B8BD/Pcc id 10200659,Aaron Karwoo Ly
/player/C36A90FE-DFA8-414B-A8B6-F2BCF6B9B8BD/12052009,Stacey Chang
/player/C36A90FE-DFA8-414B-A8B6-F2BCF6B9B8BD/samlee,Samantha Lee
/player/Holdson Liang,Holdson Liang
/player/C36A90FE-DFA8-414B-A8B6-F2BCF6B9B8BD/200077,Shun Fujinami
/player/C36A90FE-DFA8-414B-A8B6-F2BCF6B9B8BD/95532543,Jerry Han
/player/C36A90FE-DFA8-414B-A8B6-F2BCF6B9B8BD/A14896807,Abraham Lin
/player/Stephen Chiu,Stephen Chiu
/player/C36A90FE-DFA8-414B-A8B6-F2BCF6B9B8BD/1232,Henry Liu
/player/C36A90FE-DFA8-414B-A8B6-F2BCF6B9B8BD/401342,Albert W Li
/player/C36A90FE-DFA8-414B-A8B6-F2BCF6B9B8BD/0748192,Noel Carino
