/player/C36A90FE-DFA8-414B-A8B6-F2BCF6B9B8BD/tommy13810,Tommy Nguyen
/player/C36A90FE-DFA8-414B-A8B6-F2BCF6B9B8BD/0121004124,Serena Cintien Pu
/player/C36A90FE-DFA8-414B-A8B6-F2BCF6B9B8BD/12081784,Tyler Son Tran
/player/C36A90FE-DFA8-414B-A8B6-F2BCF6B9B8BD/420629,Iris Lee
/player/C36A90FE-DFA8-414B-A8B6-F2BCF6B9B8BD/XX12317229,Qiye Hu
/player/C36A90FE-DFA8-414B-A8B6-F2BCF6B9B8BD/XX12317380,Collette Shu
/player/C36A90FE-DFA8-414B-A8B6-F2BCF6B9B8BD/171717,Kobe Herrera
/player/C36A90FE-DFA8-414B-A8B6-F2BCF6B9B8BD/1212,Typhanie Vo
/player/C36A90FE-DFA8-414B-A8B6-F2BCF6B9B8BD/Yes,Allen Shen
/player/C36A90FE-DFA8-414B-A8B6-F2BCF6B9B8BD/12839470129384701298,Ashley Liao
/player/C36A90FE-DFA8-414B-A8B6-F2BCF6B9B8BD/915200173,Michael Doan
/player/C36A90FE-DFA8-414B-A8B6-F2BCF6B9B8BD/mydoan1000,Crystal Diem-My Doan
/player/C36A90FE-DFA8-414B-A8B6-F2BCF6B9B8BD/6355472,Anand Srinidhi Giduthuri
/player/C36A90FE-DFA8-414B-A8B6-F2BCF6B9B8BD/539793,Stephanie Lau
/player/C36A90FE-DFA8-414B-A8B6-F2BCF6B9B8BD/13832781,Hensen Huynh
/player/C36A90FE-DFA8-414B-A8B6-F2BCF6B9B8BD/8050471,Fione Huynh
/player/C36A90FE-DFA8-414B-A8B6-F2BCF6B9B8BD/Peterrxb,Peter Ebersole
/player/C36A90FE-DFA8-414B-A8B6-F2BCF6B9B8BD/VanessaDINH,Vanessa Gayondato Dinh
/player/C36A90FE-DFA8-414B-A8B6-F2BCF6B9B8BD/855963231,Deon Labrador
/player/C36A90FE-DFA8-414B-A8B6-F2BCF6B9B8BD/012084397,Anna Cui
/player/C36A90FE-DFA8-414B-A8B6-F2BCF6B9B8BD/1371,Jianmin Cai
/player/C36A90FE-DFA8-414B-A8B6-F2BCF6B9B8BD/2357,Caitong Guan
/player/C36A90FE-DFA8-414B-A8B6-F2BCF6B9B8BD/000,Bryan Xu
/player/C36A90FE-DFA8-414B-A8B6-F2BCF6B9B8BD/121103,Claudia Xu
/player/C36A90FE-DFA8-414B-A8B6-F2BCF6B9B8BD/XX12317556,Chi Yung Huang
/player/C36A90FE-DFA8-414B-A8B6-F2BCF6B9B8BD/XX12317357,Maggie Or
/player/C36A90FE-DFA8-414B-A8B6-F2BCF6B9B8BD/XX12322135,Eddie Freash
/player/C36A90FE-DFA8-414B-A8B6-F2BCF6B9B8BD/nonel,Mei Jin
/player/C36A90FE-DFA8-414B-A8B6-F2BCF6B9B8BD/1000,Zhuoming Wen
/player/C36A90FE-DFA8-414B-A8B6-F2BCF6B9B8BD/4361,Guidi Wu
/player/C36A90FE-DFA8-414B-A8B6-F2BCF6B9B8BD/1019254,Daniel Wu
/player/C36A90FE-DFA8-414B-A8B6-F2BCF6B9B8BD/XX12317389,Jasmine La
/player/C36A90FE-DFA8-414B-A8B6-F2BCF6B9B8BD/12088145,Bryan A Dang
/player/C36A90FE-DFA8-414B-A8B6-F2BCF6B9B8BD/47668,Kaia Paige To
/player/C36A90FE-DFA8-414B-A8B6-F2BCF6B9B8BD/42042042042042042042,Joseph Vo
/player/C36A90FE-DFA8-414B-A8B6-F2BCF6B9B8BD/12088100,Emily Vien Lee
/player/Henrik Lee,Henrik Lee
/player/C36A90FE-DFA8-414B-A8B6-F2BCF6B9B8BD/Nobody knows,Dorothy Lee
/player/C36A90FE-DFA8-414B-A8B6-F2BCF6B9B8BD/47912384719238471293,Derrick Cheung
/player/C36A90FE-DFA8-414B-A8B6-F2BCF6B9B8BD/49077,Mei Yi You
/player/C36A90FE-DFA8-414B-A8B6-F2BCF6B9B8BD/00002,Terence Lei
/player/C36A90FE-DFA8-414B-A8B6-F2BCF6B9B8BD/sheepie,Jessica Fung
/player/C36A90FE-DFA8-414B-A8B6-F2BCF6B9B8BD/3329,Rashwanth Reddy Kodakandla
/player/C36A90FE-DFA8-414B-A8B6-F2BCF6B9B8BD/3230,Lakshmi Prasanna Channam
/player/C36A90FE-DFA8-414B-A8B6-F2BCF6B9B8BD/XX12317173,Mason Cai
/player/C36A90FE-DFA8-414B-A8B6-F2BCF6B9B8BD/XX12317274,Rachel Sun
/player/C36A90FE-DFA8-414B-A8B6-F2BCF6B9B8BD/1018334,Ian Y Shi
/player/C36A90FE-DFA8-414B-A8B6-F2BCF6B9B8BD/1019255,Jessica Wu
/player/C36A90FE-DFA8-414B-A8B6-F2BCF6B9B8BD/Bayvietboi,Thai Hoang Luong
/player/C36A90FE-DFA8-414B-A8B6-F2BCF6B9B8BD/123,Emerald Doan
/player/C36A90FE-DFA8-414B-A8B6-F2BCF6B9B8BD/52616,Hugo Lin
/player/C36A90FE-DFA8-414B-A8B6-F2BCF6B9B8BD/49078,Jessica You
/player/C36A90FE-DFA8-414B-A8B6-F2BCF6B9B8BD/aceofclay,Clayton Trinh
/player/C36A90FE-DFA8-414B-A8B6-F2BCF6B9B8BD/honhonhon,Catherine Nguyen
/player/C36A90FE-DFA8-414B-A8B6-F2BCF6B9B8BD/1345,Kevin Liu
/player/C36A90FE-DFA8-414B-A8B6-F2BCF6B9B8BD/1226,Lesley Diana Hom
/player/C36A90FE-DFA8-414B-A8B6-F2BCF6B9B8BD/SJSU,Alden Haryanto
/player/C36A90FE-DFA8-414B-A8B6-F2BCF6B9B8BD/132259,Nikhita Chandrashekar
/player/C36A90FE-DFA8-414B-A8B6-F2BCF6B9B8BD/2034031,Ian Yeung
/player/C36A90FE-DFA8-414B-A8B6-F2BCF6B9B8BD/47639,Jasmine Yeung
/player/C36A90FE-DFA8-414B-A8B6-F2BCF6B9B8BD/XX12312442,Nicholas Ho
/player/C36A90FE-DFA8-414B-A8B6-F2BCF6B9B8BD/1019333,Kathy Cai
/player/C36A90FE-DFA8-414B-A8B6-F2BCF6B9B8BD/0123,Joshua Dao
/player/C36A90FE-DFA8-414B-A8B6-F2BCF6B9B8BD/52625910,Tiffany Truong
/player/C36A90FE-DFA8-414B-A8B6-F2BCF6B9B8BD/2033308,Alohi Sheung
/player/C36A90FE-DFA8-414B-A8B6-F2BCF6B9B8BD/2033309,Kalea Sheung
/player/Alec Prasertsanit,Alec Prasertsanit
/player/C36A90FE-DFA8-414B-A8B6-F2BCF6B9B8BD/07151999,Ivy Xie
/player/C36A90FE-DFA8-414B-A8B6-F2BCF6B9B8BD/807932,Devin Dhillon
/player/C36A90FE-DFA8-414B-A8B6-F2BCF6B9B8BD/Teehee,Vivian Vu
/player/C36A90FE-DFA8-414B-A8B6-F2BCF6B9B8BD/1216,Steven Huynh
/player/C36A90FE-DFA8-414B-A8B6-F2BCF6B9B8BD/8715,Tina Pham
/player/C36A90FE-DFA8-414B-A8B6-F2BCF6B9B8BD/1018906,Ethan Yixiao Lin
/player/C36A90FE-DFA8-414B-A8B6-F2BCF6B9B8BD/1018915,Deya Liao
/player/C36A90FE-DFA8-414B-A8B6-F2BCF6B9B8BD/47410,Arjun Loganathan
/player/C36A90FE-DFA8-414B-A8B6-F2BCF6B9B8BD/1018478,Shreya Raja Ramakrishnan
/player/C36A90FE-DFA8-414B-A8B6-F2BCF6B9B8BD/00676,Bryant Zhang
/player/C36A90FE-DFA8-414B-A8B6-F2BCF6B9B8BD/2035526,Xin Huang
/player/James Huynh,James Huynh
/player/C36A90FE-DFA8-414B-A8B6-F2BCF6B9B8BD/912683531,Lucia Liu
/player/C36A90FE-DFA8-414B-A8B6-F2BCF6B9B8BD/2034306,Ashton Lee
/player/C36A90FE-DFA8-414B-A8B6-F2BCF6B9B8BD/2034051,Kristine Nicole Ngo
/player/Anand Giduthuri,Anand Giduthuri
/player/C36A90FE-DFA8-414B-A8B6-F2BCF6B9B8BD/XX12312554,Ashwini Joshi
/player/C36A90FE-DFA8-414B-A8B6-F2BCF6B9B8BD/2035532,Patrick Chi
/player/C36A90FE-DFA8-414B-A8B6-F2BCF6B9B8BD/1018452,Daphne Huang
/player/C36A90FE-DFA8-414B-A8B6-F2BCF6B9B8BD/1018142,Jack Yin
/player/C36A90FE-DFA8-414B-A8B6-F2BCF6B9B8BD/2034256,Jaylyn J Lee
/player/C36A90FE-DFA8-414B-A8B6-F2BCF6B9B8BD/2033232,Alan Lam
/player/C36A90FE-DFA8-414B-A8B6-F2BCF6B9B8BD/XX8820164,Wendy Lee
/player/C36A90FE-DFA8-414B-A8B6-F2BCF6B9B8BD/cs91029,Cheawoon Shin
/player/C36A90FE-DFA8-414B-A8B6-F2BCF6B9B8BD/al66902,Amy Li
/player/C36A90FE-DFA8-414B-A8B6-F2BCF6B9B8BD/3121,Siva Pratap Chadala
/player/C36A90FE-DFA8-414B-A8B6-F2BCF6B9B8BD/3910,Siva Chava
/player/C36A90FE-DFA8-414B-A8B6-F2BCF6B9B8BD/40379,Jackie Wang
/player/C36A90FE-DFA8-414B-A8B6-F2BCF6B9B8BD/44759,Weiwei Liang
/player/C36A90FE-DFA8-414B-A8B6-F2BCF6B9B8BD/540836,Alan Fung
/player/C36A90FE-DFA8-414B-A8B6-F2BCF6B9B8BD/543106,Vara Madem
/player/C36A90FE-DFA8-414B-A8B6-F2BCF6B9B8BD/20126633,Chris Ou
/player/C36A90FE-DFA8-414B-A8B6-F2BCF6B9B8BD/665,Tammy Xie
/player/C36A90FE-DFA8-414B-A8B6-F2BCF6B9B8BD/012216347,Sam Vuong
/player/C36A90FE-DFA8-414B-A8B6-F2BCF6B9B8BD/800000,Lydia Li
/player/C36A90FE-DFA8-414B-A8B6-F2BCF6B9B8BD/EBA,Tony Lau
/player/C36A90FE-DFA8-414B-A8B6-F2BCF6B9B8BD/401128,Danae Long
/player/C36A90FE-DFA8-414B-A8B6-F2BCF6B9B8BD/535534,Josh Buag Serrano
/player/C36A90FE-DFA8-414B-A8B6-F2BCF6B9B8BD/3442,Julie Yang
/player/C36A90FE-DFA8-414B-A8B6-F2BCF6B9B8BD/271828,Hyunsung Daniel Youn
/player/C36A90FE-DFA8-414B-A8B6-F2BCF6B9B8BD/141421,Michelle Wang
/player/C36A90FE-DFA8-414B-A8B6-F2BCF6B9B8BD/XX12312391,Henry Lwin
/player/C36A90FE-DFA8-414B-A8B6-F2BCF6B9B8BD/XX12312393,Amanda Lee
/player/C36A90FE-DFA8-414B-A8B6-F2BCF6B9B8BD/XX12316887,Perry Johnson Randall
/player/C36A90FE-DFA8-414B-A8B6-F2BCF6B9B8BD/XX12316960,Katrina Kuo
/player/C36A90FE-DFA8-414B-A8B6-F2BCF6B9B8BD/2424,Alex Chen
/player/C36A90FE-DFA8-414B-A8B6-F2BCF6B9B8BD/1019734,Joey Kwan
/player/C36A90FE-DFA8-414B-A8B6-F2BCF6B9B8BD/47271,Arthur Heng Lee
/player/C36A90FE-DFA8-414B-A8B6-F2BCF6B9B8BD/1111,Angie Huang
/player/C36A90FE-DFA8-414B-A8B6-F2BCF6B9B8BD/1018632,Justin Fang
/player/C36A90FE-DFA8-414B-A8B6-F2BCF6B9B8BD/110812345,Sharie Kwok
/player/Kevin Bui,Kevin Bui
/player/Vinh Vu,Vinh Vu
/player/C36A90FE-DFA8-414B-A8B6-F2BCF6B9B8BD/XX12317395,Kevin Pham
/player/C36A90FE-DFA8-414B-A8B6-F2BCF6B9B8BD/XX12317403,Tommy Trinh
/player/C36A90FE-DFA8-414B-A8B6-F2BCF6B9B8BD/1019354,Ronald Sit
/player/C36A90FE-DFA8-414B-A8B6-F2BCF6B9B8BD/0597,Steven Sit
/player/C36A90FE-DFA8-414B-A8B6-F2BCF6B9B8BD/10005239,Nihal Afsal
/player/C36A90FE-DFA8-414B-A8B6-F2BCF6B9B8BD/1020303,Aaquib Attarwala
/player/C36A90FE-DFA8-414B-A8B6-F2BCF6B9B8BD/0961,Quan Hu
/player/C36A90FE-DFA8-414B-A8B6-F2BCF6B9B8BD/05161229,Frank Zhu
/player/C36A90FE-DFA8-414B-A8B6-F2BCF6B9B8BD/1018418,Pranav Naag Chaganti
/player/Vijay Chaganti,Vijay Chaganti
/player/C36A90FE-DFA8-414B-A8B6-F2BCF6B9B8BD/47659,Philip Harrison Ngo
/player/C36A90FE-DFA8-414B-A8B6-F2BCF6B9B8BD/XX12317392,Raghav Vemulapalli
/player/C36A90FE-DFA8-414B-A8B6-F2BCF6B9B8BD/XX12317387,Tam Tran
/player/C36A90FE-DFA8-414B-A8B6-F2BCF6B9B8BD/000000011,Johnson Chan
/player/C36A90FE-DFA8-414B-A8B6-F2BCF6B9B8BD/0000000,Mohammed Marzouq Khan
/player/C36A90FE-DFA8-414B-A8B6-F2BCF6B9B8BD/8517,Raymond Sha
/player/C36A90FE-DFA8-414B-A8B6-F2BCF6B9B8BD/01123581321,Tim Xiong
/player/Howard Huang,Howard Huang
/player/Ritvik Mayank,Ritvik Mayank
/player/C36A90FE-DFA8-414B-A8B6-F2BCF6B9B8BD/0750,Anthony Lin
/player/C36A90FE-DFA8-414B-A8B6-F2BCF6B9B8BD/123456789101,Jeremy Hi Yiu
/player/C36A90FE-DFA8-414B-A8B6-F2BCF6B9B8BD/2034061,Jerry Yuan
/player/C36A90FE-DFA8-414B-A8B6-F2BCF6B9B8BD/2092,Cindy Yuan
/player/C36A90FE-DFA8-414B-A8B6-F2BCF6B9B8BD/N/a,Sam Wu
/player/C36A90FE-DFA8-414B-A8B6-F2BCF6B9B8BD/2035032,Mona Sheung
/player/C36A90FE-DFA8-414B-A8B6-F2BCF6B9B8BD/69,Corey Kittirath
/player/C36A90FE-DFA8-414B-A8B6-F2BCF6B9B8BD/41907,Matthew Liu
/player/C36A90FE-DFA8-414B-A8B6-F2BCF6B9B8BD/peternguyen4875,Peter H Nguyen
/player/C36A90FE-DFA8-414B-A8B6-F2BCF6B9B8BD/angelvilchis,Angel L Vilchis
/player/C36A90FE-DFA8-414B-A8B6-F2BCF6B9B8BD/jshih468,Jeffrey Shih
/player/C36A90FE-DFA8-414B-A8B6-F2BCF6B9B8BD/041903,Min Lin
/player/C36A90FE-DFA8-414B-A8B6-F2BCF6B9B8BD/1310,Kiet Luu
/player/C36A90FE-DFA8-414B-A8B6-F2BCF6B9B8BD/3633,Binesh Babu
/player/C36A90FE-DFA8-414B-A8B6-F2BCF6B9B8BD/238,Anup Pillai
/player/C36A90FE-DFA8-414B-A8B6-F2BCF6B9B8BD/Dennis Bernabe,Dennis E Bernabe
/player/C36A90FE-DFA8-414B-A8B6-F2BCF6B9B8BD/004121482,Richard Fleming
/player/C36A90FE-DFA8-414B-A8B6-F2BCF6B9B8BD/XX12317303,Cyrus Shuming Liao
/player/C36A90FE-DFA8-414B-A8B6-F2BCF6B9B8BD/XX12317269,Advait Ramakrishnan
/player/C36A90FE-DFA8-414B-A8B6-F2BCF6B9B8BD/99999999999999999,Steve Leung
/player/C36A90FE-DFA8-414B-A8B6-F2BCF6B9B8BD/XX12312407,Justin Sean Wang
/player/C36A90FE-DFA8-414B-A8B6-F2BCF6B9B8BD/Jsnhnh123456,Jason Huynh
/player/C36A90FE-DFA8-414B-A8B6-F2BCF6B9B8BD/Khoihuynh,Khoi Huynh
/player/Simon Nguyen,Simon Nguyen
/player/C36A90FE-DFA8-414B-A8B6-F2BCF6B9B8BD/71616033,Tyler Brennan Diep
/player/C36A90FE-DFA8-414B-A8B6-F2BCF6B9B8BD/6969696969696969,Anthony Khoa Vo
/player/C36A90FE-DFA8-414B-A8B6-F2BCF6B9B8BD/HKL,Hua Kang Liu
/player/C36A90FE-DFA8-414B-A8B6-F2BCF6B9B8BD/DEO,Edison Ou
/player/C36A90FE-DFA8-414B-A8B6-F2BCF6B9B8BD/06182001,Jayden Su
/player/C36A90FE-DFA8-414B-A8B6-F2BCF6B9B8BD/XX12312598,Zijun Zhong
/player/C36A90FE-DFA8-414B-A8B6-F2BCF6B9B8BD/1342,Jotsroop Singh Sidhu
/player/C36A90FE-DFA8-414B-A8B6-F2BCF6B9B8BD/28917382743,Quan Dang Hoang
/player/C36A90FE-DFA8-414B-A8B6-F2BCF6B9B8BD/283782274,Christopher Minh Nguyen
/player/C36A90FE-DFA8-414B-A8B6-F2BCF6B9B8BD/XX12317431,Srikanth Vejendla
/player/C36A90FE-DFA8-414B-A8B6-F2BCF6B9B8BD/3833,Deepak Bangalore Muralidhar
/player/C36A90FE-DFA8-414B-A8B6-F2BCF6B9B8BD/3852,Tej Kogekar
/player/Eeshan Kulkarni,Eeshan Kulkarni
/player/C36A90FE-DFA8-414B-A8B6-F2BCF6B9B8BD/XX12317218,Tiamron Nieltawee
/player/C36A90FE-DFA8-414B-A8B6-F2BCF6B9B8BD/JabinDang,Jabin Dang
/player/C36A90FE-DFA8-414B-A8B6-F2BCF6B9B8BD/Justinian2.0,Justin T Nguyen
/player/C36A90FE-DFA8-414B-A8B6-F2BCF6B9B8BD/122402,Austin Lin
/player/C36A90FE-DFA8-414B-A8B6-F2BCF6B9B8BD/HamWix,Matthew Wong
/player/C36A90FE-DFA8-414B-A8B6-F2BCF6B9B8BD/XX12317155,Sunnie Qing Li
/player/C36A90FE-DFA8-414B-A8B6-F2BCF6B9B8BD/1018886,Tanvi Deshmukh
/player/C36A90FE-DFA8-414B-A8B6-F2BCF6B9B8BD/47274,Lilian Shu
/player/C36A90FE-DFA8-414B-A8B6-F2BCF6B9B8BD/2033539,Neha H Shetty
/player/C36A90FE-DFA8-414B-A8B6-F2BCF6B9B8BD/2035565,Jacqueline Zhang
/player/C36A90FE-DFA8-414B-A8B6-F2BCF6B9B8BD/47326,Amber Low
/player/C36A90FE-DFA8-414B-A8B6-F2BCF6B9B8BD/2033537,Bianca Wibisono
/player/C36A90FE-DFA8-414B-A8B6-F2BCF6B9B8BD/whatever,Catherine Liu
/player/C36A90FE-DFA8-414B-A8B6-F2BCF6B9B8BD/#2035528,Mia Zhang
/player/C36A90FE-DFA8-414B-A8B6-F2BCF6B9B8BD/1018139,Rithika Oumapathy
/player/C36A90FE-DFA8-414B-A8B6-F2BCF6B9B8BD/47376,Charlotte A Tse
/player/C36A90FE-DFA8-414B-A8B6-F2BCF6B9B8BD/2034049,Brianna Mia Xu
/player/C36A90FE-DFA8-414B-A8B6-F2BCF6B9B8BD/4221,Jeffrey Lam
/player/C36A90FE-DFA8-414B-A8B6-F2BCF6B9B8BD/XX12316895,Maxwell Ou
/player/C36A90FE-DFA8-414B-A8B6-F2BCF6B9B8BD/4444,Unmesh Rathi
/player/C36A90FE-DFA8-414B-A8B6-F2BCF6B9B8BD/00000000,Dylan Choy
/player/C36A90FE-DFA8-414B-A8B6-F2BCF6B9B8BD/1019381,Rohan Rai
/player/C36A90FE-DFA8-414B-A8B6-F2BCF6B9B8BD/1020607,Harsha Rohan Rajkumar
/player/C36A90FE-DFA8-414B-A8B6-F2BCF6B9B8BD/04262000,Patrick Fang
/player/C36A90FE-DFA8-414B-A8B6-F2BCF6B9B8BD/Long Le,Long Kim Le
/player/Hubert Chen,Hubert Chen
/player/C36A90FE-DFA8-414B-A8B6-F2BCF6B9B8BD/05151998,Jorge Gonzalez Abundis
/player/C36A90FE-DFA8-414B-A8B6-F2BCF6B9B8BD/Roberthe9606,Robert He
/player/C36A90FE-DFA8-414B-A8B6-F2BCF6B9B8BD/Trumantang,Truman Tang
/player/C36A90FE-DFA8-414B-A8B6-F2BCF6B9B8BD/654321,Jeffrey Truong
/player/C36A90FE-DFA8-414B-A8B6-F2BCF6B9B8BD/123456,Austin Tsang
/player/C36A90FE-DFA8-414B-A8B6-F2BCF6B9B8BD/XX12317296,Mallikarjun Shirashyad
/player/C36A90FE-DFA8-414B-A8B6-F2BCF6B9B8BD/XX12317304,Sarvesh Shirashyad
/player/C36A90FE-DFA8-414B-A8B6-F2BCF6B9B8BD/71617372,Miguel Angel Preciado
/player/C36A90FE-DFA8-414B-A8B6-F2BCF6B9B8BD/XX12317887,Helen Wong
/player/C36A90FE-DFA8-414B-A8B6-F2BCF6B9B8BD/1018487,Tiffany Lui
/player/C36A90FE-DFA8-414B-A8B6-F2BCF6B9B8BD/1234567890,Jie Tang
/player/C36A90FE-DFA8-414B-A8B6-F2BCF6B9B8BD/47589,Audrey Zhu
/player/C36A90FE-DFA8-414B-A8B6-F2BCF6B9B8BD/XX12317647,Samir Bisteni
/player/C36A90FE-DFA8-414B-A8B6-F2BCF6B9B8BD/011982698,Jiahao Sun
/player/Nick Jiang,Nick Jiang
/player/Shumi Wu,Shumi Wu
/player/C36A90FE-DFA8-414B-A8B6-F2BCF6B9B8BD/2033991,Daniel Bi
/player/C36A90FE-DFA8-414B-A8B6-F2BCF6B9B8BD/144,Steven Yang
/player/C36A90FE-DFA8-414B-A8B6-F2BCF6B9B8BD/47841,Kenny Wei Chen
/player/C36A90FE-DFA8-414B-A8B6-F2BCF6B9B8BD/A7513,Nakulan Karthikeyan
/player/C36A90FE-DFA8-414B-A8B6-F2BCF6B9B8BD/None,Eric Liu
/player/C36A90FE-DFA8-414B-A8B6-F2BCF6B9B8BD/XX12317656,Stephen Chiu
/player/C36A90FE-DFA8-414B-A8B6-F2BCF6B9B8BD/12345,Benjmain Roppiyakuda
/player/C36A90FE-DFA8-414B-A8B6-F2BCF6B9B8BD/2034556,Andre Chim
/player/C36A90FE-DFA8-414B-A8B6-F2BCF6B9B8BD/2032970,Mihir Raja
/player/C36A90FE-DFA8-414B-A8B6-F2BCF6B9B8BD/2033329,Alec Lee
/player/C36A90FE-DFA8-414B-A8B6-F2BCF6B9B8BD/47304,Kevin Ngo
/player/Vivek Srinivasan,Vivek Srinivasan
/player/C36A90FE-DFA8-414B-A8B6-F2BCF6B9B8BD/2035539,Anthony Chiang
/player/C36A90FE-DFA8-414B-A8B6-F2BCF6B9B8BD/2034181,David zi-chiang Wang
/player/C36A90FE-DFA8-414B-A8B6-F2BCF6B9B8BD/11110000,Jimmy Nguyen
/player/C36A90FE-DFA8-414B-A8B6-F2BCF6B9B8BD/Bintang SSF,Alex Owyang
/player/C36A90FE-DFA8-414B-A8B6-F2BCF6B9B8BD/2035848,Akhil Raj Kasetty
/player/Kevin Zhou,Kevin Zhou
/player/Huy Nguyen,Huy Nguyen
/player/C36A90FE-DFA8-414B-A8B6-F2BCF6B9B8BD/XX12317558,Johnjo Riguera
/player/C36A90FE-DFA8-414B-A8B6-F2BCF6B9B8BD/1018140,Avinash Oumapathy
/player/C36A90FE-DFA8-414B-A8B6-F2BCF6B9B8BD/203-6000,Sibhi Sakthivel
/player/Michael Guan,Michael Guan
/player/C36A90FE-DFA8-414B-A8B6-F2BCF6B9B8BD/2035639,Chris Ho
/player/C36A90FE-DFA8-414B-A8B6-F2BCF6B9B8BD/641,Jerry Ju
/player/C36A90FE-DFA8-414B-A8B6-F2BCF6B9B8BD/XX12317428,Jonathan Hsu
/player/C36A90FE-DFA8-414B-A8B6-F2BCF6B9B8BD/XX12317134,Wei Ren Matthew Seet
/player/C36A90FE-DFA8-414B-A8B6-F2BCF6B9B8BD/12345678,Byron Li
/player/C36A90FE-DFA8-414B-A8B6-F2BCF6B9B8BD/2035504,Tom Tran
/player/C36A90FE-DFA8-414B-A8B6-F2BCF6B9B8BD/Joe Lam,Joe Lam
/player/C36A90FE-DFA8-414B-A8B6-F2BCF6B9B8BD/Its KT,Kevin Tran
/player/C36A90FE-DFA8-414B-A8B6-F2BCF6B9B8BD/8006315,Ambrose Liu
/player/C36A90FE-DFA8-414B-A8B6-F2BCF6B9B8BD/XX12315864,Jerry Tran
/player/C36A90FE-DFA8-414B-A8B6-F2BCF6B9B8BD/5151838,Jay Kim
/player/C36A90FE-DFA8-414B-A8B6-F2BCF6B9B8BD/5151872,Zach Leung
/player/C36A90FE-DFA8-414B-A8B6-F2BCF6B9B8BD/47408,Akshaya Ambily Ajan
/player/C36A90FE-DFA8-414B-A8B6-F2BCF6B9B8BD/47594,Sahasra Chada
/player/C36A90FE-DFA8-414B-A8B6-F2BCF6B9B8BD/XX12321429,Amy Yang
/player/C36A90FE-DFA8-414B-A8B6-F2BCF6B9B8BD/2655,Ashwin Chandra
/player/C36A90FE-DFA8-414B-A8B6-F2BCF6B9B8BD/XX12317290,Luong Duong
/player/C36A90FE-DFA8-414B-A8B6-F2BCF6B9B8BD/XX12317499,Lucas Morales
/player/C36A90FE-DFA8-414B-A8B6-F2BCF6B9B8BD/3998063967,Khoa Tran
/player/C36A90FE-DFA8-414B-A8B6-F2BCF6B9B8BD/2033310,Brenden Cheung
/player/C36A90FE-DFA8-414B-A8B6-F2BCF6B9B8BD/47610,Jacob Ouyang
/player/Kevin Kwan,Kevin Kwan
/player/C36A90FE-DFA8-414B-A8B6-F2BCF6B9B8BD/2033438,Jeremy Chen
/player/C36A90FE-DFA8-414B-A8B6-F2BCF6B9B8BD/47257,Ryan T. Hsiao
/player/C36A90FE-DFA8-414B-A8B6-F2BCF6B9B8BD/kevchu17,Kevin Chu
/player/Vaishnavi Kamath,Vaishnavi Kamath
/player/C36A90FE-DFA8-414B-A8B6-F2BCF6B9B8BD/NataleeL12,Natalee Alexis Lam
/player/C36A90FE-DFA8-414B-A8B6-F2BCF6B9B8BD/im.renee,Renee O
/player/C36A90FE-DFA8-414B-A8B6-F2BCF6B9B8BD/kiran0901,Kiran Manghnani
/player/C36A90FE-DFA8-414B-A8B6-F2BCF6B9B8BD/1019136,Jacqueline Ruihe Wen
/player/C36A90FE-DFA8-414B-A8B6-F2BCF6B9B8BD/1020031,Preeti Makaram
/player/C36A90FE-DFA8-414B-A8B6-F2BCF6B9B8BD/XX12317226,Amy Vu
/player/C36A90FE-DFA8-414B-A8B6-F2BCF6B9B8BD/1123904586,Emily Sun
/player/C36A90FE-DFA8-414B-A8B6-F2BCF6B9B8BD/JenCuando56,Jenny J Wen
/player/C36A90FE-DFA8-414B-A8B6-F2BCF6B9B8BD/XX12317412,Miyu Otaka
/player/C36A90FE-DFA8-414B-A8B6-F2BCF6B9B8BD/000000000,Jia-Yu Sung
/player/C36A90FE-DFA8-414B-A8B6-F2BCF6B9B8BD/XX12314451,James Hein
/player/C36A90FE-DFA8-414B-A8B6-F2BCF6B9B8BD/XX12312379,Charlotte Lau
/player/C36A90FE-DFA8-414B-A8B6-F2BCF6B9B8BD/XX12312383,Anna Zhou
/player/C36A90FE-DFA8-414B-A8B6-F2BCF6B9B8BD/E201506088819470,Paola Candolada
/player/C36A90FE-DFA8-414B-A8B6-F2BCF6B9B8BD/8009870,Katie Tan
/player/C36A90FE-DFA8-414B-A8B6-F2BCF6B9B8BD/1020491,Ardra Mohan
/player/C36A90FE-DFA8-414B-A8B6-F2BCF6B9B8BD/winnie tran,Winnie M Tran
/player/C36A90FE-DFA8-414B-A8B6-F2BCF6B9B8BD/melanie zhao,Melanie Zhao
/player/C36A90FE-DFA8-414B-A8B6-F2BCF6B9B8BD/53056944,Nicole Chen
/player/C36A90FE-DFA8-414B-A8B6-F2BCF6B9B8BD/71615674,Quynh Anh Le
/player/C36A90FE-DFA8-414B-A8B6-F2BCF6B9B8BD/203xxxx,Lok Sheung
/player/C36A90FE-DFA8-414B-A8B6-F2BCF6B9B8BD/XX12317184,Kasey La
/player/C36A90FE-DFA8-414B-A8B6-F2BCF6B9B8BD/Tobyyu,Toby Yu
/player/C36A90FE-DFA8-414B-A8B6-F2BCF6B9B8BD/1019561,Dhruva Singh
/player/C36A90FE-DFA8-414B-A8B6-F2BCF6B9B8BD/1019638,Arida Narayan
/player/C36A90FE-DFA8-414B-A8B6-F2BCF6B9B8BD/2034305,Ethan Lee
/player/C36A90FE-DFA8-414B-A8B6-F2BCF6B9B8BD/2033455,Dean Tan
/player/C36A90FE-DFA8-414B-A8B6-F2BCF6B9B8BD/2034182,Jessica zi-yun Wang
/player/C36A90FE-DFA8-414B-A8B6-F2BCF6B9B8BD/696969696969696969,Van Hoang Pham
/player/C36A90FE-DFA8-414B-A8B6-F2BCF6B9B8BD/47667,Jessica To
/player/C36A90FE-DFA8-414B-A8B6-F2BCF6B9B8BD/1542,Zachary George Miller
/player/C36A90FE-DFA8-414B-A8B6-F2BCF6B9B8BD/aoiashoda,Aoi A Shoda
/player/C36A90FE-DFA8-414B-A8B6-F2BCF6B9B8BD/0000,Nancy Liu
/player/C36A90FE-DFA8-414B-A8B6-F2BCF6B9B8BD/7579,Agustya Chamarthy
/player/C36A90FE-DFA8-414B-A8B6-F2BCF6B9B8BD/5832,Arul Chauhan
/player/C36A90FE-DFA8-414B-A8B6-F2BCF6B9B8BD/1019803,Anish Bansal
/player/C36A90FE-DFA8-414B-A8B6-F2BCF6B9B8BD/eeshkulk,Eeshan Kulkarni
/player/C36A90FE-DFA8-414B-A8B6-F2BCF6B9B8BD/519230857,Timothy Z Lo
/player/C36A90FE-DFA8-414B-A8B6-F2BCF6B9B8BD/47631,Patricia Tran
/player/C36A90FE-DFA8-414B-A8B6-F2BCF6B9B8BD/jasminelee,Jasmine Lee
/player/C36A90FE-DFA8-414B-A8B6-F2BCF6B9B8BD/539981,Jessica Jia Xu
/player/Cyrus Liao,Cyrus Liao
/player/C36A90FE-DFA8-414B-A8B6-F2BCF6B9B8BD/32991,Vinh Pham
/player/Murali Reddy,Murali Reddy
/player/Tristan Garcia,Tristan Garcia
/player/C36A90FE-DFA8-414B-A8B6-F2BCF6B9B8BD/XX12319140,Angel Muyrong
/player/C36A90FE-DFA8-414B-A8B6-F2BCF6B9B8BD/XX12316929,Luyen Le
/player/C36A90FE-DFA8-414B-A8B6-F2BCF6B9B8BD/Munki,Larry Chan
/player/C36A90FE-DFA8-414B-A8B6-F2BCF6B9B8BD/4401129,Derrick Kai Long
/player/Nam Hoang,Nam Hoang
/player/C36A90FE-DFA8-414B-A8B6-F2BCF6B9B8BD/2033615,Daniel Fung
/player/C36A90FE-DFA8-414B-A8B6-F2BCF6B9B8BD/658,Alistair Lee
/player/C36A90FE-DFA8-414B-A8B6-F2BCF6B9B8BD/2032711,Brandon m Xu
/player/C36A90FE-DFA8-414B-A8B6-F2BCF6B9B8BD/XX12317390,Iris Lam
/player/C36A90FE-DFA8-414B-A8B6-F2BCF6B9B8BD/2034201,Cynthia Wong
/player/C36A90FE-DFA8-414B-A8B6-F2BCF6B9B8BD/2033104,Angela Xinyu Zhang
/player/C36A90FE-DFA8-414B-A8B6-F2BCF6B9B8BD/122333,Morgan Chien-Hale
/player/C36A90FE-DFA8-414B-A8B6-F2BCF6B9B8BD/2836,Kevin Liou
/player/Ramesh Kumar,Ramesh Kumar
/player/C36A90FE-DFA8-414B-A8B6-F2BCF6B9B8BD/XX12317446,Sruthi Ramesh Kumar
/player/C36A90FE-DFA8-414B-A8B6-F2BCF6B9B8BD/1020711,Chetan Chaganti
