/player/C36A90FE-DFA8-414B-A8B6-F2BCF6B9B8BD/1018924,Eshwar Sathwik Nemani
/player/C36A90FE-DFA8-414B-A8B6-F2BCF6B9B8BD/48018,Andrew Lu
/player/C36A90FE-DFA8-414B-A8B6-F2BCF6B9B8BD/47412,Lance Fuchia
/player/C36A90FE-DFA8-414B-A8B6-F2BCF6B9B8BD/47437,Aaron Li
/player/C36A90FE-DFA8-414B-A8B6-F2BCF6B9B8BD/2034493,Daniel Yuan
/player/C36A90FE-DFA8-414B-A8B6-F2BCF6B9B8BD/2033970,Alex Zhu
/player/C36A90FE-DFA8-414B-A8B6-F2BCF6B9B8BD/47304,Kevin Ngo
/player/C36A90FE-DFA8-414B-A8B6-F2BCF6B9B8BD/2034197,Alex Sin
/player/C36A90FE-DFA8-414B-A8B6-F2BCF6B9B8BD/1019696,Kittu Katakam
/player/C36A90FE-DFA8-414B-A8B6-F2BCF6B9B8BD/47615,Eric Fan
/player/C36A90FE-DFA8-414B-A8B6-F2BCF6B9B8BD/47841,Kenny Chen
/player/C36A90FE-DFA8-414B-A8B6-F2BCF6B9B8BD/2033955,Ryan Ma
/player/C36A90FE-DFA8-414B-A8B6-F2BCF6B9B8BD/2034036,Thompson Ma
/player/C36A90FE-DFA8-414B-A8B6-F2BCF6B9B8BD/47403,William Wang
/player/C36A90FE-DFA8-414B-A8B6-F2BCF6B9B8BD/2034097,Ray Wang
/player/C36A90FE-DFA8-414B-A8B6-F2BCF6B9B8BD/1018341,Shrayes Bhagavatula
/player/C36A90FE-DFA8-414B-A8B6-F2BCF6B9B8BD/47660,Samuel Li
/player/C36A90FE-DFA8-414B-A8B6-F2BCF6B9B8BD/1019720,Jon Moser
/player/C36A90FE-DFA8-414B-A8B6-F2BCF6B9B8BD/2033329,Alec Lee
/player/C36A90FE-DFA8-414B-A8B6-F2BCF6B9B8BD/47205,Daniel Wang
/player/C36A90FE-DFA8-414B-A8B6-F2BCF6B9B8BD/1008654,Jun Jie Lai
/player/C36A90FE-DFA8-414B-A8B6-F2BCF6B9B8BD/1019381,Rohan Rai
/player/C36A90FE-DFA8-414B-A8B6-F2BCF6B9B8BD/1019573,Kenny Luu
/player/C36A90FE-DFA8-414B-A8B6-F2BCF6B9B8BD/1019814,Raymond Zhang
/player/C36A90FE-DFA8-414B-A8B6-F2BCF6B9B8BD/2034562,Ved Vedere
/player/C36A90FE-DFA8-414B-A8B6-F2BCF6B9B8BD/47301,Sohum Pulijal
/player/C36A90FE-DFA8-414B-A8B6-F2BCF6B9B8BD/47227,Kyle Fang
/player/C36A90FE-DFA8-414B-A8B6-F2BCF6B9B8BD/1018360,Ethan Hsu
/player/C36A90FE-DFA8-414B-A8B6-F2BCF6B9B8BD/2034306,Ashton Lee
/player/C36A90FE-DFA8-414B-A8B6-F2BCF6B9B8BD/2035548,Wyatt Fong
/player/C36A90FE-DFA8-414B-A8B6-F2BCF6B9B8BD/47271,Arthur Lee
/player/C36A90FE-DFA8-414B-A8B6-F2BCF6B9B8BD/1018171,William Zhang
/player/C36A90FE-DFA8-414B-A8B6-F2BCF6B9B8BD/2033540,Netra Shetty
/player/C36A90FE-DFA8-414B-A8B6-F2BCF6B9B8BD/1020540,Mugdha Chiplunkar
/player/C36A90FE-DFA8-414B-A8B6-F2BCF6B9B8BD/2034522,Ellen Zulkarnain
/player/C36A90FE-DFA8-414B-A8B6-F2BCF6B9B8BD/1018456,Audrey Huang
/player/C36A90FE-DFA8-414B-A8B6-F2BCF6B9B8BD/1018585,Gianna Stiglich
/player/C36A90FE-DFA8-414B-A8B6-F2BCF6B9B8BD/47618,Helen Wang
/player/C36A90FE-DFA8-414B-A8B6-F2BCF6B9B8BD/1019329,Tara(Koyu) Chou
/player/C36A90FE-DFA8-414B-A8B6-F2BCF6B9B8BD/2034329,Amber Zhang
/player/C36A90FE-DFA8-414B-A8B6-F2BCF6B9B8BD/2034706,Francesca Corbett
/player/C36A90FE-DFA8-414B-A8B6-F2BCF6B9B8BD/1019875,Anusha Jamsandekar
/player/C36A90FE-DFA8-414B-A8B6-F2BCF6B9B8BD/2034264,Ragalina Palaka
/player/C36A90FE-DFA8-414B-A8B6-F2BCF6B9B8BD/1020133,You Chang Li
/player/C36A90FE-DFA8-414B-A8B6-F2BCF6B9B8BD/2034041,Kaitlyn Wang
/player/C36A90FE-DFA8-414B-A8B6-F2BCF6B9B8BD/1018449,Sarah Chun
/player/C36A90FE-DFA8-414B-A8B6-F2BCF6B9B8BD/47652,Shelley Li
/player/C36A90FE-DFA8-414B-A8B6-F2BCF6B9B8BD/1018243,Angie Huang
/player/C36A90FE-DFA8-414B-A8B6-F2BCF6B9B8BD/2034049,Brianna Xu
/player/C36A90FE-DFA8-414B-A8B6-F2BCF6B9B8BD/2034051,Kristine Ngo
/player/C36A90FE-DFA8-414B-A8B6-F2BCF6B9B8BD/2034546,Emma Lin
/player/C36A90FE-DFA8-414B-A8B6-F2BCF6B9B8BD/1019332,Naomi Lee
/player/C36A90FE-DFA8-414B-A8B6-F2BCF6B9B8BD/1018240,Summer Chu
/player/C36A90FE-DFA8-414B-A8B6-F2BCF6B9B8BD/1018224,Joline Siu
/player/C36A90FE-DFA8-414B-A8B6-F2BCF6B9B8BD/2033309,Kalea Sheung
/player/C36A90FE-DFA8-414B-A8B6-F2BCF6B9B8BD/2035497,Hailey Hung
/player/C36A90FE-DFA8-414B-A8B6-F2BCF6B9B8BD/47207,Olivia Chen
/player/C36A90FE-DFA8-414B-A8B6-F2BCF6B9B8BD/1019208,Evelyn Liu
/player/C36A90FE-DFA8-414B-A8B6-F2BCF6B9B8BD/47377,Shriya Chockalingam
/player/C36A90FE-DFA8-414B-A8B6-F2BCF6B9B8BD/1020290,Robin Li
/player/C36A90FE-DFA8-414B-A8B6-F2BCF6B9B8BD/47687,Sumaswara Chinthalapati
/player/C36A90FE-DFA8-414B-A8B6-F2BCF6B9B8BD/1006883,Elise Hsu
/player/C36A90FE-DFA8-414B-A8B6-F2BCF6B9B8BD/2035604,Emily Han
/player/C36A90FE-DFA8-414B-A8B6-F2BCF6B9B8BD/47378,Prisha Bharadwaj
/player/C36A90FE-DFA8-414B-A8B6-F2BCF6B9B8BD/1019234,Calvin Zhou
/player/C36A90FE-DFA8-414B-A8B6-F2BCF6B9B8BD/47302,Cory Fan
/player/C36A90FE-DFA8-414B-A8B6-F2BCF6B9B8BD/47984,Orlando Himawan
/player/C36A90FE-DFA8-414B-A8B6-F2BCF6B9B8BD/1019915,Devin Garg
/player/C36A90FE-DFA8-414B-A8B6-F2BCF6B9B8BD/2035523,Thanik Bharani
/player/C36A90FE-DFA8-414B-A8B6-F2BCF6B9B8BD/1018221,Stanley Xing
/player/C36A90FE-DFA8-414B-A8B6-F2BCF6B9B8BD/1018452,Daphne Huang
/player/C36A90FE-DFA8-414B-A8B6-F2BCF6B9B8BD/47432,Elise Fong
/player/C36A90FE-DFA8-414B-A8B6-F2BCF6B9B8BD/1018461,Dylan Choy
/player/C36A90FE-DFA8-414B-A8B6-F2BCF6B9B8BD/1018943,Alan Su
/player/C36A90FE-DFA8-414B-A8B6-F2BCF6B9B8BD/1020303,Aaquib Attarwala
/player/C36A90FE-DFA8-414B-A8B6-F2BCF6B9B8BD/47216,Collin Mortimer
/player/C36A90FE-DFA8-414B-A8B6-F2BCF6B9B8BD/2036000,Sibhi Sakthivel
/player/C36A90FE-DFA8-414B-A8B6-F2BCF6B9B8BD/1020504,Sean Yeung
/player/C36A90FE-DFA8-414B-A8B6-F2BCF6B9B8BD/2033539,Neha Shetty
/player/C36A90FE-DFA8-414B-A8B6-F2BCF6B9B8BD/1018164,Sunnie Li
/player/C36A90FE-DFA8-414B-A8B6-F2BCF6B9B8BD/2032606,Nicole Ju
/player/C36A90FE-DFA8-414B-A8B6-F2BCF6B9B8BD/1019308,Jenny Shen
/player/C36A90FE-DFA8-414B-A8B6-F2BCF6B9B8BD/47294,Ishika Jaiswal
/player/C36A90FE-DFA8-414B-A8B6-F2BCF6B9B8BD/1018478,Shreya Ramakrishnan
/player/C36A90FE-DFA8-414B-A8B6-F2BCF6B9B8BD/2033433,Tiffany Kuang
/player/C36A90FE-DFA8-414B-A8B6-F2BCF6B9B8BD/2032961,Yuqing Qiu
/player/C36A90FE-DFA8-414B-A8B6-F2BCF6B9B8BD/2035526,Xin Huang
/player/C36A90FE-DFA8-414B-A8B6-F2BCF6B9B8BD/47270,Amenda Lee
/player/C36A90FE-DFA8-414B-A8B6-F2BCF6B9B8BD/2033458,Jolie Wang
/player/C36A90FE-DFA8-414B-A8B6-F2BCF6B9B8BD/47614,Ivy Wang
/player/C36A90FE-DFA8-414B-A8B6-F2BCF6B9B8BD/2034319,Jessica Fan
/player/C36A90FE-DFA8-414B-A8B6-F2BCF6B9B8BD/1018915,Deya Liao
/player/C36A90FE-DFA8-414B-A8B6-F2BCF6B9B8BD/47589,Audrey Zhu
/player/C36A90FE-DFA8-414B-A8B6-F2BCF6B9B8BD/2035565,Jacqueline Zhang
/player/C36A90FE-DFA8-414B-A8B6-F2BCF6B9B8BD/1019307,Vincent Lu
/player/C36A90FE-DFA8-414B-A8B6-F2BCF6B9B8BD/1019933,Allen Yang
/player/C36A90FE-DFA8-414B-A8B6-F2BCF6B9B8BD/1019487,Jun Heng Lai
/player/C36A90FE-DFA8-414B-A8B6-F2BCF6B9B8BD/1018691,Aagnaey Pulijal
/player/C36A90FE-DFA8-414B-A8B6-F2BCF6B9B8BD/1019318,Justin Lee
/player/C36A90FE-DFA8-414B-A8B6-F2BCF6B9B8BD/1018935,Caden Wang
/player/C36A90FE-DFA8-414B-A8B6-F2BCF6B9B8BD/1019515,George Shen
/player/C36A90FE-DFA8-414B-A8B6-F2BCF6B9B8BD/1020536,Krish Raja
/player/C36A90FE-DFA8-414B-A8B6-F2BCF6B9B8BD/1019506,Vivek Rai
/player/C36A90FE-DFA8-414B-A8B6-F2BCF6B9B8BD/1018245,Jonathan Fan
/player/C36A90FE-DFA8-414B-A8B6-F2BCF6B9B8BD/1018123,Rocky Yang
/player/C36A90FE-DFA8-414B-A8B6-F2BCF6B9B8BD/1018334,Ian Shi
/player/C36A90FE-DFA8-414B-A8B6-F2BCF6B9B8BD/1019209,Ryan Liu
/player/C36A90FE-DFA8-414B-A8B6-F2BCF6B9B8BD/1020513,Manas Chintala
/player/C36A90FE-DFA8-414B-A8B6-F2BCF6B9B8BD/1020103,Max Zhang
/player/C36A90FE-DFA8-414B-A8B6-F2BCF6B9B8BD/1019564,Andy Zhang
/player/C36A90FE-DFA8-414B-A8B6-F2BCF6B9B8BD/1019500,Jamie Chen
/player/C36A90FE-DFA8-414B-A8B6-F2BCF6B9B8BD/1019716,You Yang Li
/player/C36A90FE-DFA8-414B-A8B6-F2BCF6B9B8BD/1017675,Xinyan Zeng
/player/C36A90FE-DFA8-414B-A8B6-F2BCF6B9B8BD/1018891,Eva Wang
/player/C36A90FE-DFA8-414B-A8B6-F2BCF6B9B8BD/1019494,Nicole Krawczyk
/player/C36A90FE-DFA8-414B-A8B6-F2BCF6B9B8BD/1019285,Emily Zhang
/player/C36A90FE-DFA8-414B-A8B6-F2BCF6B9B8BD/1019219,Sophie Zhang
/player/C36A90FE-DFA8-414B-A8B6-F2BCF6B9B8BD/1020252,Kriti Vasireddy
/player/C36A90FE-DFA8-414B-A8B6-F2BCF6B9B8BD/1019293,Angelina Chun
/player/C36A90FE-DFA8-414B-A8B6-F2BCF6B9B8BD/1020298,Sophia Zhang
/player/C36A90FE-DFA8-414B-A8B6-F2BCF6B9B8BD/1002516,Prutha Bharadwaj
/player/C36A90FE-DFA8-414B-A8B6-F2BCF6B9B8BD/1019848,Iris Li
/player/C36A90FE-DFA8-414B-A8B6-F2BCF6B9B8BD/2033302,Kevin Zhou
/player/C36A90FE-DFA8-414B-A8B6-F2BCF6B9B8BD/641,Jerry Ju
/player/C36A90FE-DFA8-414B-A8B6-F2BCF6B9B8BD/2033455,Dean Tan
/player/C36A90FE-DFA8-414B-A8B6-F2BCF6B9B8BD/1020129,Wei-Shan Jiing
/player/C36A90FE-DFA8-414B-A8B6-F2BCF6B9B8BD/461,Derek Hu
/player/C36A90FE-DFA8-414B-A8B6-F2BCF6B9B8BD/2035848,Akhil Raj Kasetty
/player/C36A90FE-DFA8-414B-A8B6-F2BCF6B9B8BD/2035540,Nathan Chiang
/player/C36A90FE-DFA8-414B-A8B6-F2BCF6B9B8BD/1020246,Anthony Lin
/player/C36A90FE-DFA8-414B-A8B6-F2BCF6B9B8BD/1019531,Jonathan Sugijoto
/player/C36A90FE-DFA8-414B-A8B6-F2BCF6B9B8BD/1020529,Lucian Lin
/player/C36A90FE-DFA8-414B-A8B6-F2BCF6B9B8BD/1019439,Rasmus Janmyr
/player/C36A90FE-DFA8-414B-A8B6-F2BCF6B9B8BD/2035639,Christopher Ho
/player/C36A90FE-DFA8-414B-A8B6-F2BCF6B9B8BD/83,Alexander Zheng
/player/C36A90FE-DFA8-414B-A8B6-F2BCF6B9B8BD/1020321,Bryant Zhang
/player/C36A90FE-DFA8-414B-A8B6-F2BCF6B9B8BD/2033920,Nakulan Karthikeyan
/player/C36A90FE-DFA8-414B-A8B6-F2BCF6B9B8BD/1019441,Stefan Prajogo
/player/C36A90FE-DFA8-414B-A8B6-F2BCF6B9B8BD/665,Tammy Xie
/player/C36A90FE-DFA8-414B-A8B6-F2BCF6B9B8BD/2032609,Claire Chen
/player/C36A90FE-DFA8-414B-A8B6-F2BCF6B9B8BD/2034050,Katelin Ngo
/player/C36A90FE-DFA8-414B-A8B6-F2BCF6B9B8BD/2033381,Maalveka Ilango
/player/C36A90FE-DFA8-414B-A8B6-F2BCF6B9B8BD/2874,Cassandra Yu
/player/C36A90FE-DFA8-414B-A8B6-F2BCF6B9B8BD/2034182,Jessica Wang
/player/C36A90FE-DFA8-414B-A8B6-F2BCF6B9B8BD/2033926,Daniel Bielin
/player/C36A90FE-DFA8-414B-A8B6-F2BCF6B9B8BD/47417,Pranai Konduru
/player/C36A90FE-DFA8-414B-A8B6-F2BCF6B9B8BD/2033535,Edward Zhang
/player/C36A90FE-DFA8-414B-A8B6-F2BCF6B9B8BD/2034061,Jerry Yuan
/player/C36A90FE-DFA8-414B-A8B6-F2BCF6B9B8BD/2034556,Andre Chim
/player/C36A90FE-DFA8-414B-A8B6-F2BCF6B9B8BD/2035253,Caden Liu
/player/C36A90FE-DFA8-414B-A8B6-F2BCF6B9B8BD/2034114,Brandon Wu
/player/C36A90FE-DFA8-414B-A8B6-F2BCF6B9B8BD/2035079,Austin Bu
/player/C36A90FE-DFA8-414B-A8B6-F2BCF6B9B8BD/2034553,Ryan Phan
/player/C36A90FE-DFA8-414B-A8B6-F2BCF6B9B8BD/47653,Daniel Zhou
/player/C36A90FE-DFA8-414B-A8B6-F2BCF6B9B8BD/2035628,Isaac Yang
/player/C36A90FE-DFA8-414B-A8B6-F2BCF6B9B8BD/2033905,Siddhartha Javvaji
/player/C36A90FE-DFA8-414B-A8B6-F2BCF6B9B8BD/47601,Andrew Li
/player/C36A90FE-DFA8-414B-A8B6-F2BCF6B9B8BD/2033552,Andrew Wang
/player/C36A90FE-DFA8-414B-A8B6-F2BCF6B9B8BD/1018471,Jansen Mok
/player/C36A90FE-DFA8-414B-A8B6-F2BCF6B9B8BD/2032970,Mihir Raja
/player/C36A90FE-DFA8-414B-A8B6-F2BCF6B9B8BD/47498,Jeffrey Chang
/player/C36A90FE-DFA8-414B-A8B6-F2BCF6B9B8BD/1018942,Darron Su
/player/C36A90FE-DFA8-414B-A8B6-F2BCF6B9B8BD/2035532,Patrick Chi
/player/C36A90FE-DFA8-414B-A8B6-F2BCF6B9B8BD/1018398,Atharva Pulijal
/player/C36A90FE-DFA8-414B-A8B6-F2BCF6B9B8BD/47613,Linden Wang
/player/C36A90FE-DFA8-414B-A8B6-F2BCF6B9B8BD/1019832,Saket Parvataneni
/player/C36A90FE-DFA8-414B-A8B6-F2BCF6B9B8BD/2034559,Weslie Chen
/player/C36A90FE-DFA8-414B-A8B6-F2BCF6B9B8BD/47229,Alec Fang
/player/C36A90FE-DFA8-414B-A8B6-F2BCF6B9B8BD/2035087,Kyle Wang
/player/C36A90FE-DFA8-414B-A8B6-F2BCF6B9B8BD/47451,Arjun Chatterjee
/player/C36A90FE-DFA8-414B-A8B6-F2BCF6B9B8BD/1018142,Jack Yin
/player/C36A90FE-DFA8-414B-A8B6-F2BCF6B9B8BD/1020130,Ruixi Zhang
/player/C36A90FE-DFA8-414B-A8B6-F2BCF6B9B8BD/2035106,Scott Lin
/player/C36A90FE-DFA8-414B-A8B6-F2BCF6B9B8BD/1018369,Patrick Xiao
/player/C36A90FE-DFA8-414B-A8B6-F2BCF6B9B8BD/1019942,Samarth Aradhya
/player/C36A90FE-DFA8-414B-A8B6-F2BCF6B9B8BD/1018202,Yu Hung Jiang
/player/C36A90FE-DFA8-414B-A8B6-F2BCF6B9B8BD/47885,Kevin Zhou
/player/C36A90FE-DFA8-414B-A8B6-F2BCF6B9B8BD/1018946,Ethan Paw
/player/C36A90FE-DFA8-414B-A8B6-F2BCF6B9B8BD/1018929,Ishan Katpally
/player/C36A90FE-DFA8-414B-A8B6-F2BCF6B9B8BD/1019694,Benson Ngai
/player/C36A90FE-DFA8-414B-A8B6-F2BCF6B9B8BD/2035618,Adam Tay
/player/C36A90FE-DFA8-414B-A8B6-F2BCF6B9B8BD/1018958,Kody Seow
/player/C36A90FE-DFA8-414B-A8B6-F2BCF6B9B8BD/1018377,Andrew Grosso
/player/C36A90FE-DFA8-414B-A8B6-F2BCF6B9B8BD/1018206,Anderson Lin
/player/C36A90FE-DFA8-414B-A8B6-F2BCF6B9B8BD/1019562,Aidan Ruan
/player/C36A90FE-DFA8-414B-A8B6-F2BCF6B9B8BD/47391,William Ye
/player/C36A90FE-DFA8-414B-A8B6-F2BCF6B9B8BD/47388,Benjamin Dictado
/player/C36A90FE-DFA8-414B-A8B6-F2BCF6B9B8BD/47570,Jaden Jin
/player/C36A90FE-DFA8-414B-A8B6-F2BCF6B9B8BD/1019254,Daniel Wu
/player/C36A90FE-DFA8-414B-A8B6-F2BCF6B9B8BD/2034316,Veronica Yang
/player/C36A90FE-DFA8-414B-A8B6-F2BCF6B9B8BD/1019652,Zhuofan (Emily) Shi
/player/C36A90FE-DFA8-414B-A8B6-F2BCF6B9B8BD/47593,Trisha Bhongir
/player/C36A90FE-DFA8-414B-A8B6-F2BCF6B9B8BD/1019638,Arida Narayan
/player/C36A90FE-DFA8-414B-A8B6-F2BCF6B9B8BD/1018239,Mia Hundley
/player/C36A90FE-DFA8-414B-A8B6-F2BCF6B9B8BD/1020491,Ardra Mohan
/player/C36A90FE-DFA8-414B-A8B6-F2BCF6B9B8BD/47408,Akshaya Ajan
/player/C36A90FE-DFA8-414B-A8B6-F2BCF6B9B8BD/2035528,Mia Zhang
/player/C36A90FE-DFA8-414B-A8B6-F2BCF6B9B8BD/47376,Charlotte Tse
/player/C36A90FE-DFA8-414B-A8B6-F2BCF6B9B8BD/1020518,Wenlu She
/player/C36A90FE-DFA8-414B-A8B6-F2BCF6B9B8BD/1018886,Tanvi Deshmukh
/player/C36A90FE-DFA8-414B-A8B6-F2BCF6B9B8BD/1019718,Nishka Mirani
/player/C36A90FE-DFA8-414B-A8B6-F2BCF6B9B8BD/47274,Lilian Shu
/player/C36A90FE-DFA8-414B-A8B6-F2BCF6B9B8BD/1019584,Kathleen Li
/player/C36A90FE-DFA8-414B-A8B6-F2BCF6B9B8BD/1020542,Nitya Marella
/player/C36A90FE-DFA8-414B-A8B6-F2BCF6B9B8BD/1018953,Hebe Wang
/player/C36A90FE-DFA8-414B-A8B6-F2BCF6B9B8BD/1018248,Bettie Huang
/player/C36A90FE-DFA8-414B-A8B6-F2BCF6B9B8BD/1018384,Ella Lin
/player/C36A90FE-DFA8-414B-A8B6-F2BCF6B9B8BD/1020106,Harshita Kandambakkam
/player/C36A90FE-DFA8-414B-A8B6-F2BCF6B9B8BD/47646,Aadya Sreenivas
/player/C36A90FE-DFA8-414B-A8B6-F2BCF6B9B8BD/1019862,Varnika Arun
/player/C36A90FE-DFA8-414B-A8B6-F2BCF6B9B8BD/1009639,Vera Lin
/player/C36A90FE-DFA8-414B-A8B6-F2BCF6B9B8BD/1020235,Vivian Shi
/player/C36A90FE-DFA8-414B-A8B6-F2BCF6B9B8BD/47915,Alice Wang
/player/C36A90FE-DFA8-414B-A8B6-F2BCF6B9B8BD/48019,Riya Natarajan
/player/C36A90FE-DFA8-414B-A8B6-F2BCF6B9B8BD/47192,Savanna Lee
/player/C36A90FE-DFA8-414B-A8B6-F2BCF6B9B8BD/1018139,Rithika Oumapathy
/player/C36A90FE-DFA8-414B-A8B6-F2BCF6B9B8BD/2035637,Chloe Ho
/player/C36A90FE-DFA8-414B-A8B6-F2BCF6B9B8BD/1019650,Emma Wei
/player/C36A90FE-DFA8-414B-A8B6-F2BCF6B9B8BD/47594,Sahasra Chada
/player/C36A90FE-DFA8-414B-A8B6-F2BCF6B9B8BD/1020108,Ananya Manoj
/player/C36A90FE-DFA8-414B-A8B6-F2BCF6B9B8BD/2033509,Tony Liuzhou
/player/C36A90FE-DFA8-414B-A8B6-F2BCF6B9B8BD/1019331,Raymond Ji
/player/C36A90FE-DFA8-414B-A8B6-F2BCF6B9B8BD/2034066,Dennis Wang
/player/C36A90FE-DFA8-414B-A8B6-F2BCF6B9B8BD/1018614,James Pflaging
/player/C36A90FE-DFA8-414B-A8B6-F2BCF6B9B8BD/658,Alistair Lee
/player/C36A90FE-DFA8-414B-A8B6-F2BCF6B9B8BD/2033925,Ben Bielin
/player/C36A90FE-DFA8-414B-A8B6-F2BCF6B9B8BD/2034043,Adrian Mar
/player/C36A90FE-DFA8-414B-A8B6-F2BCF6B9B8BD/482,Trevor Tan
/player/C36A90FE-DFA8-414B-A8B6-F2BCF6B9B8BD/1018631,Steve Su
/player/C36A90FE-DFA8-414B-A8B6-F2BCF6B9B8BD/47608,Jeffrey Ma
/player/C36A90FE-DFA8-414B-A8B6-F2BCF6B9B8BD/485,William Dai
/player/C36A90FE-DFA8-414B-A8B6-F2BCF6B9B8BD/2032712,Justin Lam
/player/C36A90FE-DFA8-414B-A8B6-F2BCF6B9B8BD/3427,Aaron Low
/player/C36A90FE-DFA8-414B-A8B6-F2BCF6B9B8BD/1018403,Yoshiki Shimokawa
/player/C36A90FE-DFA8-414B-A8B6-F2BCF6B9B8BD/2033438,Jeremy Chen
/player/C36A90FE-DFA8-414B-A8B6-F2BCF6B9B8BD/629,Justin Wang
/player/C36A90FE-DFA8-414B-A8B6-F2BCF6B9B8BD/2034305,Ethan Lee
/player/C36A90FE-DFA8-414B-A8B6-F2BCF6B9B8BD/1020088,Manomaysubban Narasimha
/player/C36A90FE-DFA8-414B-A8B6-F2BCF6B9B8BD/2035640,Sean Su
/player/C36A90FE-DFA8-414B-A8B6-F2BCF6B9B8BD/1019301,Vivek Srinivasan
/player/C36A90FE-DFA8-414B-A8B6-F2BCF6B9B8BD/2033308,Alohi Sheung
/player/C36A90FE-DFA8-414B-A8B6-F2BCF6B9B8BD/1019177,Chenyang Zhao
/player/C36A90FE-DFA8-414B-A8B6-F2BCF6B9B8BD/2033615,Daniel Fung
/player/C36A90FE-DFA8-414B-A8B6-F2BCF6B9B8BD/47267,Tommy Tan
/player/C36A90FE-DFA8-414B-A8B6-F2BCF6B9B8BD/1018268,Casey Painter
/player/C36A90FE-DFA8-414B-A8B6-F2BCF6B9B8BD/2034035,Edison Ma
/player/C36A90FE-DFA8-414B-A8B6-F2BCF6B9B8BD/1018149,Jonathan Siu
/player/C36A90FE-DFA8-414B-A8B6-F2BCF6B9B8BD/2033775,Kelvin Chong
/player/C36A90FE-DFA8-414B-A8B6-F2BCF6B9B8BD/1018140,Avinash Oumapathy
/player/C36A90FE-DFA8-414B-A8B6-F2BCF6B9B8BD/47639,Jasmine Yeung
/player/C36A90FE-DFA8-414B-A8B6-F2BCF6B9B8BD/1019813,Angela Ye
/player/C36A90FE-DFA8-414B-A8B6-F2BCF6B9B8BD/1020501,Brianna Lee
/player/C36A90FE-DFA8-414B-A8B6-F2BCF6B9B8BD/1018440,Suneri Chinthalapati
/player/C36A90FE-DFA8-414B-A8B6-F2BCF6B9B8BD/1018447,Charity Lam
/player/C36A90FE-DFA8-414B-A8B6-F2BCF6B9B8BD/1018345,Sahana Chada
/player/C36A90FE-DFA8-414B-A8B6-F2BCF6B9B8BD/1018469,Kunal Sunil
/player/C36A90FE-DFA8-414B-A8B6-F2BCF6B9B8BD/1018468,Kyra Sunil
/player/C36A90FE-DFA8-414B-A8B6-F2BCF6B9B8BD/1019255,Jessica Wu
/player/C36A90FE-DFA8-414B-A8B6-F2BCF6B9B8BD/1019080,Chang He
/player/C36A90FE-DFA8-414B-A8B6-F2BCF6B9B8BD/1019826,Owena Chen
/player/C36A90FE-DFA8-414B-A8B6-F2BCF6B9B8BD/47431,Meha Vedere
/player/C36A90FE-DFA8-414B-A8B6-F2BCF6B9B8BD/1020287,Anvita Jamsandekar
/player/C36A90FE-DFA8-414B-A8B6-F2BCF6B9B8BD/2032721,Isabelle Rusli
/player/C36A90FE-DFA8-414B-A8B6-F2BCF6B9B8BD/1008603,Jasmine La
/player/C36A90FE-DFA8-414B-A8B6-F2BCF6B9B8BD/1018182,Sheryl Lim
/player/C36A90FE-DFA8-414B-A8B6-F2BCF6B9B8BD/2032711,Brandon Xu
/player/C36A90FE-DFA8-414B-A8B6-F2BCF6B9B8BD/2439,Allison Lee
/player/C36A90FE-DFA8-414B-A8B6-F2BCF6B9B8BD/401620,Eric Duong
/player/C36A90FE-DFA8-414B-A8B6-F2BCF6B9B8BD/2033052,Derek Tan
/player/C36A90FE-DFA8-414B-A8B6-F2BCF6B9B8BD/2032882,Joshua Yuan
/player/C36A90FE-DFA8-414B-A8B6-F2BCF6B9B8BD/47891,Justin Kan
/player/C36A90FE-DFA8-414B-A8B6-F2BCF6B9B8BD/1019581,Layton Wen
/player/C36A90FE-DFA8-414B-A8B6-F2BCF6B9B8BD/1018418,Pranav Chaganti
/player/C36A90FE-DFA8-414B-A8B6-F2BCF6B9B8BD/1002506,Shriyans Bhagavatula
/player/C36A90FE-DFA8-414B-A8B6-F2BCF6B9B8BD/1018888,Nihal Kadamba
/player/C36A90FE-DFA8-414B-A8B6-F2BCF6B9B8BD/2033879,Winston Tsai
/player/C36A90FE-DFA8-414B-A8B6-F2BCF6B9B8BD/2835,Eric Chang
/player/C36A90FE-DFA8-414B-A8B6-F2BCF6B9B8BD/401458,Bryce Kan
/player/C36A90FE-DFA8-414B-A8B6-F2BCF6B9B8BD/3426,Maggie Li
/player/C36A90FE-DFA8-414B-A8B6-F2BCF6B9B8BD/1018951,Vaughn Zhao
/player/C36A90FE-DFA8-414B-A8B6-F2BCF6B9B8BD/2873,Joseph Zhang
/player/C36A90FE-DFA8-414B-A8B6-F2BCF6B9B8BD/47899,Hubert Chen
/player/C36A90FE-DFA8-414B-A8B6-F2BCF6B9B8BD/2087,Ethan Low
/player/C36A90FE-DFA8-414B-A8B6-F2BCF6B9B8BD/655,Karthik Kalyanasundaram
/player/C36A90FE-DFA8-414B-A8B6-F2BCF6B9B8BD/1020522,Jonah Tan
/player/C36A90FE-DFA8-414B-A8B6-F2BCF6B9B8BD/2034179,Andrew Liang
