/player/C36A90FE-DFA8-414B-A8B6-F2BCF6B9B8BD/tiffanyja,Tiffany Ja
/player/C36A90FE-DFA8-414B-A8B6-F2BCF6B9B8BD/111777999,Ngoc Truong
/player/C36A90FE-DFA8-414B-A8B6-F2BCF6B9B8BD/XX12869976,Katie Chen
/player/C36A90FE-DFA8-414B-A8B6-F2BCF6B9B8BD/XX12827425,John J. Choe
/player/C36A90FE-DFA8-414B-A8B6-F2BCF6B9B8BD/1020044,Achyut Pillai
/player/C36A90FE-DFA8-414B-A8B6-F2BCF6B9B8BD/1019734,Joey Kwan
/player/C36A90FE-DFA8-414B-A8B6-F2BCF6B9B8BD/12094520,Jordan H Nguyen
/player/C36A90FE-DFA8-414B-A8B6-F2BCF6B9B8BD/Shingchin,Vincent Ha
/player/Patricia Tran,Patricia Tran
/player/C36A90FE-DFA8-414B-A8B6-F2BCF6B9B8BD/5184344,Sudhanshu Singhal
/player/C36A90FE-DFA8-414B-A8B6-F2BCF6B9B8BD/XX12898264,Justin Sean Wang
/player/C36A90FE-DFA8-414B-A8B6-F2BCF6B9B8BD/XX12853900,Andrew Tran
/player/C36A90FE-DFA8-414B-A8B6-F2BCF6B9B8BD/2033870,Timothy Ting Hsu
/player/C36A90FE-DFA8-414B-A8B6-F2BCF6B9B8BD/XX12825432,Mason Fujimoto
/player/C36A90FE-DFA8-414B-A8B6-F2BCF6B9B8BD/XX12897250,Alex Zhang
/player/C36A90FE-DFA8-414B-A8B6-F2BCF6B9B8BD/XX12863264,Wilson Fung
/player/C36A90FE-DFA8-414B-A8B6-F2BCF6B9B8BD/XX12900802,Jesse Brown
/player/C36A90FE-DFA8-414B-A8B6-F2BCF6B9B8BD/2814,Danice Long
/player/C36A90FE-DFA8-414B-A8B6-F2BCF6B9B8BD/009772139,Daniel Wong
/player/C36A90FE-DFA8-414B-A8B6-F2BCF6B9B8BD/5883458834,Josue Daniel Camargo
/player/Luke Trinh,Luke Trinh
/player/C36A90FE-DFA8-414B-A8B6-F2BCF6B9B8BD/0000,Nancy Liu
/player/C36A90FE-DFA8-414B-A8B6-F2BCF6B9B8BD/XX12901009,Rohan Rawat
/player/C36A90FE-DFA8-414B-A8B6-F2BCF6B9B8BD/662,Anthony Chu
/player/C36A90FE-DFA8-414B-A8B6-F2BCF6B9B8BD/A7513,Nakulan Karthikeyan
/player/C36A90FE-DFA8-414B-A8B6-F2BCF6B9B8BD/Bayvietboi,Thai Hoang Luong
/player/C36A90FE-DFA8-414B-A8B6-F2BCF6B9B8BD/12292000,Tiffany Jie Ying Teoh
/player/C36A90FE-DFA8-414B-A8B6-F2BCF6B9B8BD/XX12880317,Dorothy Lee
/player/C36A90FE-DFA8-414B-A8B6-F2BCF6B9B8BD/0346,Agnes Wong
/player/C36A90FE-DFA8-414B-A8B6-F2BCF6B9B8BD/XX12892761,James Hein
/player/C36A90FE-DFA8-414B-A8B6-F2BCF6B9B8BD/XX12898049,Jerry Lam
/player/C36A90FE-DFA8-414B-A8B6-F2BCF6B9B8BD/jericosuguitan,Jerico Suguitan
/player/C36A90FE-DFA8-414B-A8B6-F2BCF6B9B8BD/855963231,Deon Labrador
/player/C36A90FE-DFA8-414B-A8B6-F2BCF6B9B8BD/2033375,Harshith Rajasekaran
/player/C36A90FE-DFA8-414B-A8B6-F2BCF6B9B8BD/2034311,Cj Cullen
/player/C36A90FE-DFA8-414B-A8B6-F2BCF6B9B8BD/XX12898205,Tung Thanh Vu
/player/C36A90FE-DFA8-414B-A8B6-F2BCF6B9B8BD/ZBTC,Cote Feldsine
/player/Domenick Owen Wuu,Domenick Owen Wuu
/player/C36A90FE-DFA8-414B-A8B6-F2BCF6B9B8BD/XX12872751,Khanh T Nguyen
/player/C36A90FE-DFA8-414B-A8B6-F2BCF6B9B8BD/2034552,Sean Chen
/player/C36A90FE-DFA8-414B-A8B6-F2BCF6B9B8BD/katepaclibar,Chelsea Kathrina Paclibar
/player/C36A90FE-DFA8-414B-A8B6-F2BCF6B9B8BD/Yes,Allen Shen
/player/C36A90FE-DFA8-414B-A8B6-F2BCF6B9B8BD/31970HZ,Jarold Cordero
/player/C36A90FE-DFA8-414B-A8B6-F2BCF6B9B8BD/1020390,Christopher Hunter Dam
/player/C36A90FE-DFA8-414B-A8B6-F2BCF6B9B8BD/XX12901012,Kevin Tay Nguyen
/player/C36A90FE-DFA8-414B-A8B6-F2BCF6B9B8BD/696969696969696969,Van Hoang Pham
/player/C36A90FE-DFA8-414B-A8B6-F2BCF6B9B8BD/XX12880786,Elaine Huang
/player/C36A90FE-DFA8-414B-A8B6-F2BCF6B9B8BD/Bintang,David Feldsine
/player/C36A90FE-DFA8-414B-A8B6-F2BCF6B9B8BD/XX12895673,Nathan Kyle Lee
/player/C36A90FE-DFA8-414B-A8B6-F2BCF6B9B8BD/XX12838387,Steven Tom Nguyen
/player/C36A90FE-DFA8-414B-A8B6-F2BCF6B9B8BD/1018380,Alex King
/player/C36A90FE-DFA8-414B-A8B6-F2BCF6B9B8BD/XX12851783,Bryan Li
/player/Omkar Arvind Lonkar,Omkar Arvind Lonkar
/player/Caleb Chiang,Caleb Chiang
/player/C36A90FE-DFA8-414B-A8B6-F2BCF6B9B8BD/58239,Ally Jie Zhu
/player/C36A90FE-DFA8-414B-A8B6-F2BCF6B9B8BD/465378,Dickson Chung
/player/C36A90FE-DFA8-414B-A8B6-F2BCF6B9B8BD/1019561,Dhruva Singh
/player/C36A90FE-DFA8-414B-A8B6-F2BCF6B9B8BD/123456789101,Jeremy Hi Yiu
/player/C36A90FE-DFA8-414B-A8B6-F2BCF6B9B8BD/rajularora,Rajul Arora
/player/C36A90FE-DFA8-414B-A8B6-F2BCF6B9B8BD/1020038,Tanush Talati
/player/C36A90FE-DFA8-414B-A8B6-F2BCF6B9B8BD/E2017103111585357,Dheeraj K Gurusamy
/player/C36A90FE-DFA8-414B-A8B6-F2BCF6B9B8BD/yeee,Hieu Nhan
/player/C36A90FE-DFA8-414B-A8B6-F2BCF6B9B8BD/XX12873121,Jinha Kim
/player/C36A90FE-DFA8-414B-A8B6-F2BCF6B9B8BD/2017202199,Jennifer Yang
/player/C36A90FE-DFA8-414B-A8B6-F2BCF6B9B8BD/1020034,Ishan Vedagiri
/player/C36A90FE-DFA8-414B-A8B6-F2BCF6B9B8BD/132259,Nikhita Chandrashekar
/player/C36A90FE-DFA8-414B-A8B6-F2BCF6B9B8BD/sheepie,Jessica Fung
/player/C36A90FE-DFA8-414B-A8B6-F2BCF6B9B8BD/1123,Kevin Kwan
/player/C36A90FE-DFA8-414B-A8B6-F2BCF6B9B8BD/XX12898592,Alden Haryanto
/player/C36A90FE-DFA8-414B-A8B6-F2BCF6B9B8BD/XX12878047,Jiantong Qin
/player/C36A90FE-DFA8-414B-A8B6-F2BCF6B9B8BD/XX12892724,Peter Kimlong Chu
/player/C36A90FE-DFA8-414B-A8B6-F2BCF6B9B8BD/XX12895668,Albert Nguyen
/player/C36A90FE-DFA8-414B-A8B6-F2BCF6B9B8BD/3531045,Anthony Ngo
/player/C36A90FE-DFA8-414B-A8B6-F2BCF6B9B8BD/vinhtvu,Vinh t Vu
/player/C36A90FE-DFA8-414B-A8B6-F2BCF6B9B8BD/XX12895701,Mikaela Gutierrez
/player/C36A90FE-DFA8-414B-A8B6-F2BCF6B9B8BD/XX12895700,Jesse Nguyen
/player/C36A90FE-DFA8-414B-A8B6-F2BCF6B9B8BD/XX12900861,Andre Alvarez
/player/C36A90FE-DFA8-414B-A8B6-F2BCF6B9B8BD/XX12900987,Scott Lee
/player/C36A90FE-DFA8-414B-A8B6-F2BCF6B9B8BD/Ryan T,Ryan Tam
/player/C36A90FE-DFA8-414B-A8B6-F2BCF6B9B8BD/The KT,Kevin Tran
/player/C36A90FE-DFA8-414B-A8B6-F2BCF6B9B8BD/80085,Anthony Ha
/player/C36A90FE-DFA8-414B-A8B6-F2BCF6B9B8BD/XX12843777,Roye Wu
/player/C36A90FE-DFA8-414B-A8B6-F2BCF6B9B8BD/2033093,Carmen Chung
/player/C36A90FE-DFA8-414B-A8B6-F2BCF6B9B8BD/XX12910254,Natalie Zeitman
/player/C36A90FE-DFA8-414B-A8B6-F2BCF6B9B8BD/XX12897967,Jeffrey Lo
/player/C36A90FE-DFA8-414B-A8B6-F2BCF6B9B8BD/XX12879614,David Ly
/player/C36A90FE-DFA8-414B-A8B6-F2BCF6B9B8BD/XX12886452,Anita Z Ding
/player/C36A90FE-DFA8-414B-A8B6-F2BCF6B9B8BD/XX12898265,Pavan Thulasiraman
/player/C36A90FE-DFA8-414B-A8B6-F2BCF6B9B8BD/XX12900576,Stanley Ooi
/player/C36A90FE-DFA8-414B-A8B6-F2BCF6B9B8BD/Madisonli,Madison M Li
/player/C36A90FE-DFA8-414B-A8B6-F2BCF6B9B8BD/cokoo,Noreen Lee
/player/C36A90FE-DFA8-414B-A8B6-F2BCF6B9B8BD/07151999,Ivy Xie
/player/C36A90FE-DFA8-414B-A8B6-F2BCF6B9B8BD/SJSU,Alex Owyang
/player/C36A90FE-DFA8-414B-A8B6-F2BCF6B9B8BD/400002,Serge Blanchet
/player/C36A90FE-DFA8-414B-A8B6-F2BCF6B9B8BD/XX12901088,Jeffrey Chin
/player/C36A90FE-DFA8-414B-A8B6-F2BCF6B9B8BD/XX12895630,Negar Hosseini
/player/C36A90FE-DFA8-414B-A8B6-F2BCF6B9B8BD/XX12892615,Alan Trinh
/player/Travis Huynh,Travis Huynh
/player/C36A90FE-DFA8-414B-A8B6-F2BCF6B9B8BD/XX12904983,Nhan Ton
/player/C36A90FE-DFA8-414B-A8B6-F2BCF6B9B8BD/543106,Vara Madem
/player/C36A90FE-DFA8-414B-A8B6-F2BCF6B9B8BD/123456,Yun-Chi Chuang
/player/C36A90FE-DFA8-414B-A8B6-F2BCF6B9B8BD/XX12859713,Hyeonwoo Wang
/player/C36A90FE-DFA8-414B-A8B6-F2BCF6B9B8BD/Tep70,Teppei Tajima
/player/C36A90FE-DFA8-414B-A8B6-F2BCF6B9B8BD/2033386,Bianca Tam
/player/C36A90FE-DFA8-414B-A8B6-F2BCF6B9B8BD/XX12898185,Edward Ding
/player/C36A90FE-DFA8-414B-A8B6-F2BCF6B9B8BD/XX12895712,Checheung Lim
/player/C36A90FE-DFA8-414B-A8B6-F2BCF6B9B8BD/jshih468,Jeffrey Shih
/player/C36A90FE-DFA8-414B-A8B6-F2BCF6B9B8BD/XX12901073,Hien Thanh Phan
/player/C36A90FE-DFA8-414B-A8B6-F2BCF6B9B8BD/HamWix,Matthew Wong
/player/C36A90FE-DFA8-414B-A8B6-F2BCF6B9B8BD/Justinian2.0,Justin T Nguyen
/player/C36A90FE-DFA8-414B-A8B6-F2BCF6B9B8BD/XX12882289,Sachi Kelkar
/player/C36A90FE-DFA8-414B-A8B6-F2BCF6B9B8BD/XX12895498,Nicky Nguyen
/player/C36A90FE-DFA8-414B-A8B6-F2BCF6B9B8BD/012084397,Anna Cui
/player/C36A90FE-DFA8-414B-A8B6-F2BCF6B9B8BD/47570,Jaden Jin
/player/C36A90FE-DFA8-414B-A8B6-F2BCF6B9B8BD/Roberthe9606,Robert He
/player/C36A90FE-DFA8-414B-A8B6-F2BCF6B9B8BD/Sapphiredoan,Sapphire D. Doan
/player/C36A90FE-DFA8-414B-A8B6-F2BCF6B9B8BD/011982698,Jiahao Sun
/player/C36A90FE-DFA8-414B-A8B6-F2BCF6B9B8BD/XX12898277,William Cui
/player/C36A90FE-DFA8-414B-A8B6-F2BCF6B9B8BD/32462134,Allen Ng
/player/C36A90FE-DFA8-414B-A8B6-F2BCF6B9B8BD/042599,Mindy Tran Dinh
/player/C36A90FE-DFA8-414B-A8B6-F2BCF6B9B8BD/5106926214,Jessie Giang
/player/C36A90FE-DFA8-414B-A8B6-F2BCF6B9B8BD/41019556,Jimmy L Do
/player/C36A90FE-DFA8-414B-A8B6-F2BCF6B9B8BD/2993,Yu Zhang
/player/C36A90FE-DFA8-414B-A8B6-F2BCF6B9B8BD/2992,Danny Mok
/player/C36A90FE-DFA8-414B-A8B6-F2BCF6B9B8BD/47106,Erwin Sarmiento
/player/C36A90FE-DFA8-414B-A8B6-F2BCF6B9B8BD/XX12850162,Kevin Zhou
/player/C36A90FE-DFA8-414B-A8B6-F2BCF6B9B8BD/2032926,Calvin Dai
/player/C36A90FE-DFA8-414B-A8B6-F2BCF6B9B8BD/5109286839,David Zhou
/player/C36A90FE-DFA8-414B-A8B6-F2BCF6B9B8BD/110812345,Sharie Kwok
/player/C36A90FE-DFA8-414B-A8B6-F2BCF6B9B8BD/01191990,On Hui
/player/C36A90FE-DFA8-414B-A8B6-F2BCF6B9B8BD/XX12912782,Jason Fang
/player/C36A90FE-DFA8-414B-A8B6-F2BCF6B9B8BD/XX12892802,Timmy L Nguyen
/player/C36A90FE-DFA8-414B-A8B6-F2BCF6B9B8BD/XX12892804,Kevin D Nguyen
/player/C36A90FE-DFA8-414B-A8B6-F2BCF6B9B8BD/fuxiaofeng,Xiao Lan Zhang
/player/C36A90FE-DFA8-414B-A8B6-F2BCF6B9B8BD/XX12845211,Lakshya Rajpal
/player/C36A90FE-DFA8-414B-A8B6-F2BCF6B9B8BD/XX12900994,Amy Chatterjee
/player/C36A90FE-DFA8-414B-A8B6-F2BCF6B9B8BD/XX12901109,Delphine Ho
/player/C36A90FE-DFA8-414B-A8B6-F2BCF6B9B8BD/11110000,Jimmy Nguyen
/player/C36A90FE-DFA8-414B-A8B6-F2BCF6B9B8BD/42069,Tony Hk Ngo
/player/C36A90FE-DFA8-414B-A8B6-F2BCF6B9B8BD/535534,Josh Buag Serrano
/player/C36A90FE-DFA8-414B-A8B6-F2BCF6B9B8BD/winnie tran,Winnie M Tran
/player/C36A90FE-DFA8-414B-A8B6-F2BCF6B9B8BD/XX12892881,Thinh Nguyen
/player/C36A90FE-DFA8-414B-A8B6-F2BCF6B9B8BD/4401129,Derrick Kai Long
/player/C36A90FE-DFA8-414B-A8B6-F2BCF6B9B8BD/824,Georgina Tse
/player/C36A90FE-DFA8-414B-A8B6-F2BCF6B9B8BD/John4269,John Thanh Le
/player/C36A90FE-DFA8-414B-A8B6-F2BCF6B9B8BD/8000000,Lydia Li
/player/C36A90FE-DFA8-414B-A8B6-F2BCF6B9B8BD/3442,Julie Yang
/player/C36A90FE-DFA8-414B-A8B6-F2BCF6B9B8BD/1019382,Arushi Tyagi
/player/C36A90FE-DFA8-414B-A8B6-F2BCF6B9B8BD/149058,Deepak Talwar
/player/C36A90FE-DFA8-414B-A8B6-F2BCF6B9B8BD/XX12896841,Andrew Hua
/player/C36A90FE-DFA8-414B-A8B6-F2BCF6B9B8BD/A008855,Gauri Ajit Ghate
/player/C36A90FE-DFA8-414B-A8B6-F2BCF6B9B8BD/lucbui10,Luc Bui
/player/C36A90FE-DFA8-414B-A8B6-F2BCF6B9B8BD/XX12895610,Sean Caasi
/player/C36A90FE-DFA8-414B-A8B6-F2BCF6B9B8BD/2035412,Fiona Lai
/player/C36A90FE-DFA8-414B-A8B6-F2BCF6B9B8BD/401714,Timothy Kawan Tong
/player/C36A90FE-DFA8-414B-A8B6-F2BCF6B9B8BD/clementhoang,Clement Hoang
/player/C36A90FE-DFA8-414B-A8B6-F2BCF6B9B8BD/XX12895248,Kean Lee
/player/C36A90FE-DFA8-414B-A8B6-F2BCF6B9B8BD/1925,Justin Pj Lee
/player/C36A90FE-DFA8-414B-A8B6-F2BCF6B9B8BD/XX12835249,Harshith Suresh
/player/C36A90FE-DFA8-414B-A8B6-F2BCF6B9B8BD/004121482,Richard Fleming
/player/C36A90FE-DFA8-414B-A8B6-F2BCF6B9B8BD/8367,Evan Chen
/player/C36A90FE-DFA8-414B-A8B6-F2BCF6B9B8BD/XX12875415,Vivan Sinha
/player/C36A90FE-DFA8-414B-A8B6-F2BCF6B9B8BD/2034098,Kyle C Wong
/player/C36A90FE-DFA8-414B-A8B6-F2BCF6B9B8BD/6452,Bryan Xu
/player/Kelley Yuan,Kelley Yuan
/player/C36A90FE-DFA8-414B-A8B6-F2BCF6B9B8BD/1018943,Alan Aaron Su
/player/C36A90FE-DFA8-414B-A8B6-F2BCF6B9B8BD/1018942,Darron Jaden Su
/player/C36A90FE-DFA8-414B-A8B6-F2BCF6B9B8BD/XX12912834,Stephen Chiu
/player/C36A90FE-DFA8-414B-A8B6-F2BCF6B9B8BD/144,Steven Yang
/player/C36A90FE-DFA8-414B-A8B6-F2BCF6B9B8BD/MNguyen404,Martin Nguyen
/player/C36A90FE-DFA8-414B-A8B6-F2BCF6B9B8BD/28917382743,Quan Dang Hoang
/player/C36A90FE-DFA8-414B-A8B6-F2BCF6B9B8BD/XX12895631,Jinhui Kim
/player/C36A90FE-DFA8-414B-A8B6-F2BCF6B9B8BD/99999999999999999,Steve Leung
/player/C36A90FE-DFA8-414B-A8B6-F2BCF6B9B8BD/A00,Kevin Yang
/player/C36A90FE-DFA8-414B-A8B6-F2BCF6B9B8BD/XX12898361,Wei Ren Matthew Seet
/player/C36A90FE-DFA8-414B-A8B6-F2BCF6B9B8BD/roblee04,Robin Bao Lee
/player/C36A90FE-DFA8-414B-A8B6-F2BCF6B9B8BD/12052009,Stacey Chang
/player/C36A90FE-DFA8-414B-A8B6-F2BCF6B9B8BD/XX12895438,Elle Wu
/player/C36A90FE-DFA8-414B-A8B6-F2BCF6B9B8BD/123456789123456789,Huy Nguyen
/player/C36A90FE-DFA8-414B-A8B6-F2BCF6B9B8BD/XX12907068,Jonah Jane Lontok
/player/C36A90FE-DFA8-414B-A8B6-F2BCF6B9B8BD/XX12857546,Victor Xie
/player/C36A90FE-DFA8-414B-A8B6-F2BCF6B9B8BD/leeladhithya,Leeladhithya Kandati
/player/C36A90FE-DFA8-414B-A8B6-F2BCF6B9B8BD/XX12895344,Brian Chau
/player/C36A90FE-DFA8-414B-A8B6-F2BCF6B9B8BD/XX12909651,Brandon H Nguyen
/player/C36A90FE-DFA8-414B-A8B6-F2BCF6B9B8BD/030490,Stanley Hui
/player/C36A90FE-DFA8-414B-A8B6-F2BCF6B9B8BD/XX12910220,Daniel Huang
/player/C36A90FE-DFA8-414B-A8B6-F2BCF6B9B8BD/1234567890,Jie Tang
/player/C36A90FE-DFA8-414B-A8B6-F2BCF6B9B8BD/98590,Josue A. Gutierrez
/player/C36A90FE-DFA8-414B-A8B6-F2BCF6B9B8BD/283782274,Christopher Minh Nguyen
/player/C36A90FE-DFA8-414B-A8B6-F2BCF6B9B8BD/dont have one,Janet Dang
/player/C36A90FE-DFA8-414B-A8B6-F2BCF6B9B8BD/VanessaDINH,Vanessa Dinh
/player/C36A90FE-DFA8-414B-A8B6-F2BCF6B9B8BD/MichaelCabebe,Michael Cabebe
/player/C36A90FE-DFA8-414B-A8B6-F2BCF6B9B8BD/Team1,Khoi A Tran
/player/C36A90FE-DFA8-414B-A8B6-F2BCF6B9B8BD/XX12905401,Teddy Yau
/player/C36A90FE-DFA8-414B-A8B6-F2BCF6B9B8BD/Team 1,Nghi Le
/player/C36A90FE-DFA8-414B-A8B6-F2BCF6B9B8BD/dorketwee,Twee Phan
/player/C36A90FE-DFA8-414B-A8B6-F2BCF6B9B8BD/52616,Hugo Lin
/player/C36A90FE-DFA8-414B-A8B6-F2BCF6B9B8BD/XX12910146,Nishka Mirani
/player/C36A90FE-DFA8-414B-A8B6-F2BCF6B9B8BD/135,Frank Ye
/player/C36A90FE-DFA8-414B-A8B6-F2BCF6B9B8BD/XX12910377,Randy Ouyang
/player/C36A90FE-DFA8-414B-A8B6-F2BCF6B9B8BD/400549,Darren C. Yang
/player/C36A90FE-DFA8-414B-A8B6-F2BCF6B9B8BD/XX12825277,Kha Pham
/player/C36A90FE-DFA8-414B-A8B6-F2BCF6B9B8BD/XX12870250,Mai Nguyen
/player/C36A90FE-DFA8-414B-A8B6-F2BCF6B9B8BD/123441,Tiffany Tran
/player/C36A90FE-DFA8-414B-A8B6-F2BCF6B9B8BD/041903,Min Lin
/player/C36A90FE-DFA8-414B-A8B6-F2BCF6B9B8BD/0123,Emerald Doan
/player/Sam Vuong,Sam Vuong
/player/C36A90FE-DFA8-414B-A8B6-F2BCF6B9B8BD/42042042042042042042,Joseph Vo
/player/C36A90FE-DFA8-414B-A8B6-F2BCF6B9B8BD/675456476465465,Nam Hoang
/player/C36A90FE-DFA8-414B-A8B6-F2BCF6B9B8BD/9726,Derek Chen
/player/C36A90FE-DFA8-414B-A8B6-F2BCF6B9B8BD/XX12849868,Jayanth Srinivasan
/player/C36A90FE-DFA8-414B-A8B6-F2BCF6B9B8BD/XX12835305,Crystal Wingman Fong
/player/C36A90FE-DFA8-414B-A8B6-F2BCF6B9B8BD/2424,Alex Chen
/player/C36A90FE-DFA8-414B-A8B6-F2BCF6B9B8BD/Trumantang,Truman Tang
/player/C36A90FE-DFA8-414B-A8B6-F2BCF6B9B8BD/022699,Wesley Lam
/player/C36A90FE-DFA8-414B-A8B6-F2BCF6B9B8BD/00002,Terence Lei
/player/C36A90FE-DFA8-414B-A8B6-F2BCF6B9B8BD/XX12880700,Andy Huang
/player/C36A90FE-DFA8-414B-A8B6-F2BCF6B9B8BD/00000,Sudhir Rao
/player/C36A90FE-DFA8-414B-A8B6-F2BCF6B9B8BD/21761611616616161,Kevin Bach
/player/C36A90FE-DFA8-414B-A8B6-F2BCF6B9B8BD/XX12893254,Tracy Tonnu
/player/C36A90FE-DFA8-414B-A8B6-F2BCF6B9B8BD/203041,Nayeem Khaja
/player/Aastha Hemant Lele,Aastha Hemant Lele
/player/C36A90FE-DFA8-414B-A8B6-F2BCF6B9B8BD/XX12883113,Betty Yang
/player/C36A90FE-DFA8-414B-A8B6-F2BCF6B9B8BD/12345,Benjmain Roppiyakuda
/player/C36A90FE-DFA8-414B-A8B6-F2BCF6B9B8BD/XX12886758,Vivek Verma
/player/C36A90FE-DFA8-414B-A8B6-F2BCF6B9B8BD/Long Le,Long Kim Le
/player/C36A90FE-DFA8-414B-A8B6-F2BCF6B9B8BD/XX12900984,Gillian Xu
/player/C36A90FE-DFA8-414B-A8B6-F2BCF6B9B8BD/Peterrxb,Peter Ebersole
/player/C36A90FE-DFA8-414B-A8B6-F2BCF6B9B8BD/XX12900988,Anish Pansare
/player/C36A90FE-DFA8-414B-A8B6-F2BCF6B9B8BD/XX12900989,Sayali Date
/player/C36A90FE-DFA8-414B-A8B6-F2BCF6B9B8BD/XX12897624,Brian Quijano
/player/C36A90FE-DFA8-414B-A8B6-F2BCF6B9B8BD/XX12854285,Austin Tsang
/player/C36A90FE-DFA8-414B-A8B6-F2BCF6B9B8BD/Khoihuynh,Khoi Huynh
/player/C36A90FE-DFA8-414B-A8B6-F2BCF6B9B8BD/tommy13810,Tommy Nguyen
/player/C36A90FE-DFA8-414B-A8B6-F2BCF6B9B8BD/XX12825427,Sunnie Qing Li
/player/C36A90FE-DFA8-414B-A8B6-F2BCF6B9B8BD/XX12895545,Timothy Nguyen Vo
/player/C36A90FE-DFA8-414B-A8B6-F2BCF6B9B8BD/antnguyen,An Thanh Nguyen
/player/C36A90FE-DFA8-414B-A8B6-F2BCF6B9B8BD/53056944,Nicole Chen
/player/C36A90FE-DFA8-414B-A8B6-F2BCF6B9B8BD/121103,Claudia Xu
/player/C36A90FE-DFA8-414B-A8B6-F2BCF6B9B8BD/XX12863127,Perry Johnson Randall
/player/C36A90FE-DFA8-414B-A8B6-F2BCF6B9B8BD/71610235,Richard Lam
/player/C36A90FE-DFA8-414B-A8B6-F2BCF6B9B8BD/XX12895607,Branden Anthony Caasi
/player/C36A90FE-DFA8-414B-A8B6-F2BCF6B9B8BD/CoC,Leo Guo
/player/Jay Dinh,Jay Dinh
/player/Eric Sheng,Eric Sheng
/player/C36A90FE-DFA8-414B-A8B6-F2BCF6B9B8BD/716234,Jonathan Ly
/player/C36A90FE-DFA8-414B-A8B6-F2BCF6B9B8BD/XX12886641,Mirabelle Shklyarevsky
/player/C36A90FE-DFA8-414B-A8B6-F2BCF6B9B8BD/XX12910075,Michelle N. Nguyen
/player/Tristan Garcia,Tristan Garcia
