/player/C36A90FE-DFA8-414B-A8B6-F2BCF6B9B8BD/1018604,Kwong Beng CHAN
/player/C36A90FE-DFA8-414B-A8B6-F2BCF6B9B8BD/47272,Ray NGAN
/player/C36A90FE-DFA8-414B-A8B6-F2BCF6B9B8BD/20020423,Yu-Yuan CHANG
/player/C36A90FE-DFA8-414B-A8B6-F2BCF6B9B8BD/XX12997111,Andrew WANG
/player/C36A90FE-DFA8-414B-A8B6-F2BCF6B9B8BD/1018631,Steve SU
/player/C36A90FE-DFA8-414B-A8B6-F2BCF6B9B8BD/202066,Jared BABULA
/player/C36A90FE-DFA8-414B-A8B6-F2BCF6B9B8BD/83,Alexander ZHENG
/player/C36A90FE-DFA8-414B-A8B6-F2BCF6B9B8BD/XX12999055,Prestin YANG
/player/C36A90FE-DFA8-414B-A8B6-F2BCF6B9B8BD/XX12988844,Arnold SETIADI
/player/C36A90FE-DFA8-414B-A8B6-F2BCF6B9B8BD/XX13028836,Kelmen LOW
/player/C36A90FE-DFA8-414B-A8B6-F2BCF6B9B8BD/400028,Vinson CHIU
/player/C36A90FE-DFA8-414B-A8B6-F2BCF6B9B8BD/400549,Darren YANG
/player/C36A90FE-DFA8-414B-A8B6-F2BCF6B9B8BD/662,Anthony CHU
/player/C36A90FE-DFA8-414B-A8B6-F2BCF6B9B8BD/482,Trevor TAN
/player/C36A90FE-DFA8-414B-A8B6-F2BCF6B9B8BD/47377,Shriya CHOCKALINGAM
/player/C36A90FE-DFA8-414B-A8B6-F2BCF6B9B8BD/2034706,Francesca CORBETT
/player/C36A90FE-DFA8-414B-A8B6-F2BCF6B9B8BD/655,Karthik KALYANASUNDARAM
/player/C36A90FE-DFA8-414B-A8B6-F2BCF6B9B8BD/1020286,Paul LIU
/player/C36A90FE-DFA8-414B-A8B6-F2BCF6B9B8BD/XX13013272,Mae LI
/player/C36A90FE-DFA8-414B-A8B6-F2BCF6B9B8BD/2034050,Katelin NGO
/player/C36A90FE-DFA8-414B-A8B6-F2BCF6B9B8BD/2408,Victoria CHEN
/player/C36A90FE-DFA8-414B-A8B6-F2BCF6B9B8BD/400389,Adrienne LIN
/player/C36A90FE-DFA8-414B-A8B6-F2BCF6B9B8BD/47472,Charles GU
/player/Omkar LONKAR,Omkar LONKAR
/player/C36A90FE-DFA8-414B-A8B6-F2BCF6B9B8BD/XX13025914,Febriyan IRVANNALDY
/player/C36A90FE-DFA8-414B-A8B6-F2BCF6B9B8BD/2033926,Daniel BIELIN
/player/C36A90FE-DFA8-414B-A8B6-F2BCF6B9B8BD/XX13018064,Kowi CHANDRA
/player/C36A90FE-DFA8-414B-A8B6-F2BCF6B9B8BD/1021161,Riky WIDIANTO
/player/C36A90FE-DFA8-414B-A8B6-F2BCF6B9B8BD/XX13019202,Amogh LONKAR
/player/C36A90FE-DFA8-414B-A8B6-F2BCF6B9B8BD/67185,Benedict CHEN
/player/C36A90FE-DFA8-414B-A8B6-F2BCF6B9B8BD/47267,Tommy TAN
/player/C36A90FE-DFA8-414B-A8B6-F2BCF6B9B8BD/2034114,Brandon WU
/player/C36A90FE-DFA8-414B-A8B6-F2BCF6B9B8BD/2033535,Edward ZHANG
/player/C36A90FE-DFA8-414B-A8B6-F2BCF6B9B8BD/47106,Erwin SARMIENTO
/player/C36A90FE-DFA8-414B-A8B6-F2BCF6B9B8BD/400240,Timothy LAM
/player/C36A90FE-DFA8-414B-A8B6-F2BCF6B9B8BD/1019154,Jenna GOZALI
/player/C36A90FE-DFA8-414B-A8B6-F2BCF6B9B8BD/2032711,Brandon XU
/player/C36A90FE-DFA8-414B-A8B6-F2BCF6B9B8BD/146,Carter TONG
/player/C36A90FE-DFA8-414B-A8B6-F2BCF6B9B8BD/ON14211,Joseph LU
/player/C36A90FE-DFA8-414B-A8B6-F2BCF6B9B8BD/2035789,Sruthi JOSHY
/player/C36A90FE-DFA8-414B-A8B6-F2BCF6B9B8BD/5883458834,Josue CAMARGO
/player/C36A90FE-DFA8-414B-A8B6-F2BCF6B9B8BD/XX13013875,Osvert RIVERON
/player/C36A90FE-DFA8-414B-A8B6-F2BCF6B9B8BD/karylistusa,Justeen LEE
/player/C36A90FE-DFA8-414B-A8B6-F2BCF6B9B8BD/416961,Jamie SUBANDHI
/player/C36A90FE-DFA8-414B-A8B6-F2BCF6B9B8BD/47294,Ishika JAISWAL
/player/C36A90FE-DFA8-414B-A8B6-F2BCF6B9B8BD/38016IE,Ashley HUANG
/player/C36A90FE-DFA8-414B-A8B6-F2BCF6B9B8BD/2412,Annie XU
/player/C36A90FE-DFA8-414B-A8B6-F2BCF6B9B8BD/2033433,Tiffany KUANG
/player/C36A90FE-DFA8-414B-A8B6-F2BCF6B9B8BD/2033905,Siddhartha JAVVAJI
/player/C36A90FE-DFA8-414B-A8B6-F2BCF6B9B8BD/2413,Kerry XU
/player/C36A90FE-DFA8-414B-A8B6-F2BCF6B9B8BD/2034035,Edison MA
/player/C36A90FE-DFA8-414B-A8B6-F2BCF6B9B8BD/81493,Neha PANDIT
/player/C36A90FE-DFA8-414B-A8B6-F2BCF6B9B8BD/47618,Helen WANG
/player/C36A90FE-DFA8-414B-A8B6-F2BCF6B9B8BD/2034057,Lauren LAM
/player/C36A90FE-DFA8-414B-A8B6-F2BCF6B9B8BD/XX13011763,Samarth ARADHYA
/player/C36A90FE-DFA8-414B-A8B6-F2BCF6B9B8BD/XX13013959,Jarvis HONG
/player/C36A90FE-DFA8-414B-A8B6-F2BCF6B9B8BD/XX13032014,Arjun SUPRAMANIAM
/player/C36A90FE-DFA8-414B-A8B6-F2BCF6B9B8BD/XX12988432,Tianrui ZHAN
/player/C36A90FE-DFA8-414B-A8B6-F2BCF6B9B8BD/1020390,Christopher Hunter DAM
/player/C36A90FE-DFA8-414B-A8B6-F2BCF6B9B8BD/1020744,Ameya KULKARNI
/player/C36A90FE-DFA8-414B-A8B6-F2BCF6B9B8BD/1020303,Aaquib ATTARWALA
/player/C36A90FE-DFA8-414B-A8B6-F2BCF6B9B8BD/XX12930729,James ZHUANG
/player/C36A90FE-DFA8-414B-A8B6-F2BCF6B9B8BD/1018377,Andrew W. GROSSO
/player/C36A90FE-DFA8-414B-A8B6-F2BCF6B9B8BD/1020038,Tanush TALATI
/player/C36A90FE-DFA8-414B-A8B6-F2BCF6B9B8BD/XX13019635,Justin HAN
/player/C36A90FE-DFA8-414B-A8B6-F2BCF6B9B8BD/XX13029296,Mukund NAIR
/player/C36A90FE-DFA8-414B-A8B6-F2BCF6B9B8BD/XX13015724,Neil PATEL
/player/C36A90FE-DFA8-414B-A8B6-F2BCF6B9B8BD/47659,Philip Harrison NGO
/player/C36A90FE-DFA8-414B-A8B6-F2BCF6B9B8BD/1019254,Daniel WU
/player/C36A90FE-DFA8-414B-A8B6-F2BCF6B9B8BD/XX13028657,Stanley MOK
/player/C36A90FE-DFA8-414B-A8B6-F2BCF6B9B8BD/1020103,Max ZHANG
/player/C36A90FE-DFA8-414B-A8B6-F2BCF6B9B8BD/XX12993202,Tsun Him LAM
/player/C36A90FE-DFA8-414B-A8B6-F2BCF6B9B8BD/XX13019816,Atharva Gulla PULIJAL
/player/C36A90FE-DFA8-414B-A8B6-F2BCF6B9B8BD/47615,Eric Yihang FAN
/player/C36A90FE-DFA8-414B-A8B6-F2BCF6B9B8BD/1019564,Andy Xu ZHANG
/player/C36A90FE-DFA8-414B-A8B6-F2BCF6B9B8BD/1021328,Kehong NG
/player/C36A90FE-DFA8-414B-A8B6-F2BCF6B9B8BD/125262526,Alexander MAI
/player/C36A90FE-DFA8-414B-A8B6-F2BCF6B9B8BD/XX12930907,Lakshya RAJPAL
/player/C36A90FE-DFA8-414B-A8B6-F2BCF6B9B8BD/XX13019682,Arav Siddharth MESTRY
/player/C36A90FE-DFA8-414B-A8B6-F2BCF6B9B8BD/XX13011144,Noah CHIANG
/player/C36A90FE-DFA8-414B-A8B6-F2BCF6B9B8BD/Ryan T,Ryan TAM
/player/C36A90FE-DFA8-414B-A8B6-F2BCF6B9B8BD/XX13005320,Christopher KAO
/player/C36A90FE-DFA8-414B-A8B6-F2BCF6B9B8BD/XX12997665,Kayosh Kumar MOHAPATRA
/player/C36A90FE-DFA8-414B-A8B6-F2BCF6B9B8BD/XX13017969,Daivik VENNELA
/player/C36A90FE-DFA8-414B-A8B6-F2BCF6B9B8BD/47608,Jeffrey MA
/player/C36A90FE-DFA8-414B-A8B6-F2BCF6B9B8BD/Coach Yee,Adwin SUJIN
/player/C36A90FE-DFA8-414B-A8B6-F2BCF6B9B8BD/1019255,Jessica WU
/player/C36A90FE-DFA8-414B-A8B6-F2BCF6B9B8BD/XX13007094,Mahita Srinivasan ARUN
/player/C36A90FE-DFA8-414B-A8B6-F2BCF6B9B8BD/1019580,Kimberly Z YANG
/player/C36A90FE-DFA8-414B-A8B6-F2BCF6B9B8BD/1020252,Kriti VASIREDDY
/player/Nitya TANMAYEE,Nitya TANMAYEE
/player/C36A90FE-DFA8-414B-A8B6-F2BCF6B9B8BD/48019,Riya NATARAJAN
/player/C36A90FE-DFA8-414B-A8B6-F2BCF6B9B8BD/XX13031718,Nishka MIRANI
/player/C36A90FE-DFA8-414B-A8B6-F2BCF6B9B8BD/XX13029697,Pallavi BALIYARA
/player/C36A90FE-DFA8-414B-A8B6-F2BCF6B9B8BD/121103,Claudia XU
/player/C36A90FE-DFA8-414B-A8B6-F2BCF6B9B8BD/XX13015964,Anjali ABHILASH
/player/C36A90FE-DFA8-414B-A8B6-F2BCF6B9B8BD/XX12997854,Reina SUBRAMANIAN
/player/C36A90FE-DFA8-414B-A8B6-F2BCF6B9B8BD/XX13024601,Nidhi SUJIN
/player/C36A90FE-DFA8-414B-A8B6-F2BCF6B9B8BD/1019494,Nicole KRAWCZYK
/player/C36A90FE-DFA8-414B-A8B6-F2BCF6B9B8BD/12292000,Tiffany Jie Ying TEOH
/player/C36A90FE-DFA8-414B-A8B6-F2BCF6B9B8BD/XX13017978,Dhatri VENNELA
/player/C36A90FE-DFA8-414B-A8B6-F2BCF6B9B8BD/XX13024653,Nirvaa M SHAH
/player/C36A90FE-DFA8-414B-A8B6-F2BCF6B9B8BD/XX13015868,Garrett Stephen MASLYAR
/player/C36A90FE-DFA8-414B-A8B6-F2BCF6B9B8BD/XX13005321,Liam KAO
/player/C36A90FE-DFA8-414B-A8B6-F2BCF6B9B8BD/1019234,Calvin ZHOU
/player/C36A90FE-DFA8-414B-A8B6-F2BCF6B9B8BD/47302,Cory FAN
/player/C36A90FE-DFA8-414B-A8B6-F2BCF6B9B8BD/XX13003703,Xiaoyu XIA
/player/C36A90FE-DFA8-414B-A8B6-F2BCF6B9B8BD/2035324,Jimmy HIMAWAN
/player/C36A90FE-DFA8-414B-A8B6-F2BCF6B9B8BD/XX12972221,Mason FUJIMOTO
/player/C36A90FE-DFA8-414B-A8B6-F2BCF6B9B8BD/XX12999805,Kameran HOSSAIN
/player/Sean HUANG,Sean HUANG
/player/C36A90FE-DFA8-414B-A8B6-F2BCF6B9B8BD/Vaughn2008,Vaughn ZHAO
/player/C36A90FE-DFA8-414B-A8B6-F2BCF6B9B8BD/XX12993197,Tsun Wang LAM
/player/C36A90FE-DFA8-414B-A8B6-F2BCF6B9B8BD/Ragneo,Brandon LEE
/player/C36A90FE-DFA8-414B-A8B6-F2BCF6B9B8BD/XX12995543,Connor B CHAN
/player/C36A90FE-DFA8-414B-A8B6-F2BCF6B9B8BD/XX13019829,Aagnaey Gulla PULIJAL
/player/C36A90FE-DFA8-414B-A8B6-F2BCF6B9B8BD/XX12999974,Kunal JAIN
/player/Jerry HAN,Jerry HAN
/player/C36A90FE-DFA8-414B-A8B6-F2BCF6B9B8BD/XX12993076,Ryan PHAN
/player/C36A90FE-DFA8-414B-A8B6-F2BCF6B9B8BD/Khoihuynh,Khoi HUYNH
/player/C36A90FE-DFA8-414B-A8B6-F2BCF6B9B8BD/1018943,Alan Aaron SU
/player/C36A90FE-DFA8-414B-A8B6-F2BCF6B9B8BD/XX13019814,Alexander KOO
/player/C36A90FE-DFA8-414B-A8B6-F2BCF6B9B8BD/Sohum Pulijal,Sohum Gulla PULIJAL
/player/C36A90FE-DFA8-414B-A8B6-F2BCF6B9B8BD/32991,Vinh PHAM
/player/C36A90FE-DFA8-414B-A8B6-F2BCF6B9B8BD/lit,Dima GUTNIK
/player/C36A90FE-DFA8-414B-A8B6-F2BCF6B9B8BD/2034036,Thompson y y MA
/player/C36A90FE-DFA8-414B-A8B6-F2BCF6B9B8BD/XX13019515,Francis TIONG
/player/C36A90FE-DFA8-414B-A8B6-F2BCF6B9B8BD/1018915,Deya LIAO
/player/C36A90FE-DFA8-414B-A8B6-F2BCF6B9B8BD/47412,Lance FUCHIA
/player/C36A90FE-DFA8-414B-A8B6-F2BCF6B9B8BD/XX13007624,Clarence See-Ching UN
/player/C36A90FE-DFA8-414B-A8B6-F2BCF6B9B8BD/XX13011769,Tommy GIANG
/player/C36A90FE-DFA8-414B-A8B6-F2BCF6B9B8BD/47610,Jacob OUYANG
/player/C36A90FE-DFA8-414B-A8B6-F2BCF6B9B8BD/2034061,Jerry YUAN
/player/C36A90FE-DFA8-414B-A8B6-F2BCF6B9B8BD/XX12991632,Cody LEJANG
/player/C36A90FE-DFA8-414B-A8B6-F2BCF6B9B8BD/2035628,Isaac YANG
/player/C36A90FE-DFA8-414B-A8B6-F2BCF6B9B8BD/2033310,Brenden CHEUNG
/player/C36A90FE-DFA8-414B-A8B6-F2BCF6B9B8BD/2035526,Xin HUANG
/player/C36A90FE-DFA8-414B-A8B6-F2BCF6B9B8BD/232556,Orlando HIMAWAN
/player/C36A90FE-DFA8-414B-A8B6-F2BCF6B9B8BD/47614,Ivy WANG
/player/C36A90FE-DFA8-414B-A8B6-F2BCF6B9B8BD/7465969,Tony HONG
/player/C36A90FE-DFA8-414B-A8B6-F2BCF6B9B8BD/XX12995559,Ryan N CHAN
/player/C36A90FE-DFA8-414B-A8B6-F2BCF6B9B8BD/XX12990196,Xin M HUANG
/player/C36A90FE-DFA8-414B-A8B6-F2BCF6B9B8BD/00000000,Zhan CHEN
/player/C36A90FE-DFA8-414B-A8B6-F2BCF6B9B8BD/2035880,Ethan Li Fan HSU
/player/C36A90FE-DFA8-414B-A8B6-F2BCF6B9B8BD/2033970,Alex ZHU
/player/C36A90FE-DFA8-414B-A8B6-F2BCF6B9B8BD/1019710,Bindrick CHEN
/player/C36A90FE-DFA8-414B-A8B6-F2BCF6B9B8BD/47660,Samuel W LI
/player/C36A90FE-DFA8-414B-A8B6-F2BCF6B9B8BD/Yes,Allen SHEN
/player/C36A90FE-DFA8-414B-A8B6-F2BCF6B9B8BD/2035565,Jacqueline ZHANG
/player/C36A90FE-DFA8-414B-A8B6-F2BCF6B9B8BD/47613,Linden WANG
/player/C36A90FE-DFA8-414B-A8B6-F2BCF6B9B8BD/1018942,Darron Jaden SU
/player/C36A90FE-DFA8-414B-A8B6-F2BCF6B9B8BD/XX13019781,Anderson LIN
/player/C36A90FE-DFA8-414B-A8B6-F2BCF6B9B8BD/149058,Deepak TALWAR
/player/C36A90FE-DFA8-414B-A8B6-F2BCF6B9B8BD/XX13024604,Riad HOSSAIN
/player/C36A90FE-DFA8-414B-A8B6-F2BCF6B9B8BD/47601,Andrew LI
/player/C36A90FE-DFA8-414B-A8B6-F2BCF6B9B8BD/XX13027430,Bo MAN
/player/C36A90FE-DFA8-414B-A8B6-F2BCF6B9B8BD/XX13014871,Ishan KATPALLY
/player/C36A90FE-DFA8-414B-A8B6-F2BCF6B9B8BD/lucbui10,Luc BUI
/player/C36A90FE-DFA8-414B-A8B6-F2BCF6B9B8BD/2034051,Kristine Nicole NGO
/player/C36A90FE-DFA8-414B-A8B6-F2BCF6B9B8BD/47935,Elise Yu Mei HSU
/player/C36A90FE-DFA8-414B-A8B6-F2BCF6B9B8BD/XX13013804,Xinyi HONG
/player/C36A90FE-DFA8-414B-A8B6-F2BCF6B9B8BD/12839470129384701298,Ashley LIAO
/player/C36A90FE-DFA8-414B-A8B6-F2BCF6B9B8BD/1018886,Tanvi DESHMUKH
/player/C36A90FE-DFA8-414B-A8B6-F2BCF6B9B8BD/XX12992186,Harshita KANDAMBAKKAM
/player/C36A90FE-DFA8-414B-A8B6-F2BCF6B9B8BD/2034049,Brianna Mia XU
/player/C36A90FE-DFA8-414B-A8B6-F2BCF6B9B8BD/47192,Savanna LEE
/player/C36A90FE-DFA8-414B-A8B6-F2BCF6B9B8BD/2034305,Ethan LEE
/player/C36A90FE-DFA8-414B-A8B6-F2BCF6B9B8BD/Unknown,Wen-Sung CHANG
/player/C36A90FE-DFA8-414B-A8B6-F2BCF6B9B8BD/2034703,Saraj PIRASMEPULKUL
/player/C36A90FE-DFA8-414B-A8B6-F2BCF6B9B8BD/2034306,Ashton LEE
/player/C36A90FE-DFA8-414B-A8B6-F2BCF6B9B8BD/1018478,Shreya Raja RAMAKRISHNAN
/player/C36A90FE-DFA8-414B-A8B6-F2BCF6B9B8BD/47589,Audrey ZHU
/player/C36A90FE-DFA8-414B-A8B6-F2BCF6B9B8BD/2034522,Ellen ZULKARNAIN
/player/C36A90FE-DFA8-414B-A8B6-F2BCF6B9B8BD/030490,Stanley HUI
/player/C36A90FE-DFA8-414B-A8B6-F2BCF6B9B8BD/XX13028900,Henry LIU
/player/C36A90FE-DFA8-414B-A8B6-F2BCF6B9B8BD/XX13027574,Jennifer XIN
/player/C36A90FE-DFA8-414B-A8B6-F2BCF6B9B8BD/2034328,Natalie CHI
/player/C36A90FE-DFA8-414B-A8B6-F2BCF6B9B8BD/XX13010625,Yaohan OW
/player/C36A90FE-DFA8-414B-A8B6-F2BCF6B9B8BD/XX13010605,Hong Kheng YEW
/player/C36A90FE-DFA8-414B-A8B6-F2BCF6B9B8BD/USAB: 1019974,Derrick NG
/player/C36A90FE-DFA8-414B-A8B6-F2BCF6B9B8BD/2033390,Elias FRAUSING
/player/C36A90FE-DFA8-414B-A8B6-F2BCF6B9B8BD/00560,Jacqueline MYERS
/player/C36A90FE-DFA8-414B-A8B6-F2BCF6B9B8BD/2035069,Andy LAM
/player/C36A90FE-DFA8-414B-A8B6-F2BCF6B9B8BD/BWF#26618 USAB#2230,Simon WONG
/player/C36A90FE-DFA8-414B-A8B6-F2BCF6B9B8BD/12345,Benjmain ROPPIYAKUDA
/player/C36A90FE-DFA8-414B-A8B6-F2BCF6B9B8BD/XX13019065,Yunzi CHAI
/player/C36A90FE-DFA8-414B-A8B6-F2BCF6B9B8BD/1020501,Brianna LEE
/player/C36A90FE-DFA8-414B-A8B6-F2BCF6B9B8BD/6452,Bryan XU
/player/C36A90FE-DFA8-414B-A8B6-F2BCF6B9B8BD/XX13014919,Jasmine LA
/player/C36A90FE-DFA8-414B-A8B6-F2BCF6B9B8BD/XX13011436,Wenlu SHE
/player/C36A90FE-DFA8-414B-A8B6-F2BCF6B9B8BD/47410,Arjun LOGANATHAN
/player/C36A90FE-DFA8-414B-A8B6-F2BCF6B9B8BD/XX13019913,Dana CHOY
/player/C36A90FE-DFA8-414B-A8B6-F2BCF6B9B8BD/13832781,Hensen HUYNH
/player/C36A90FE-DFA8-414B-A8B6-F2BCF6B9B8BD/8050471,Fione HUYNH
/player/C36A90FE-DFA8-414B-A8B6-F2BCF6B9B8BD/004121482,Richard FLEMING
/player/C36A90FE-DFA8-414B-A8B6-F2BCF6B9B8BD/XX13019630,Janet SUNG
/player/C36A90FE-DFA8-414B-A8B6-F2BCF6B9B8BD/2424,Alex CHEN
/player/C36A90FE-DFA8-414B-A8B6-F2BCF6B9B8BD/XX13019734,Lorraine LI
/player/C36A90FE-DFA8-414B-A8B6-F2BCF6B9B8BD/47594,Sahasra CHADA
/player/C36A90FE-DFA8-414B-A8B6-F2BCF6B9B8BD/XX13019825,Bryant XU
/player/C36A90FE-DFA8-414B-A8B6-F2BCF6B9B8BD/XX13019836,Yen-Jung WU
/player/C36A90FE-DFA8-414B-A8B6-F2BCF6B9B8BD/47403,William WANG
/player/C36A90FE-DFA8-414B-A8B6-F2BCF6B9B8BD/bnie2017,Ben NIE
/player/C36A90FE-DFA8-414B-A8B6-F2BCF6B9B8BD/1668,Jenny Le WONG
/player/C36A90FE-DFA8-414B-A8B6-F2BCF6B9B8BD/XX13033111,Bryan LEUNG
/player/C36A90FE-DFA8-414B-A8B6-F2BCF6B9B8BD/XX13019739,Tien NGUYEN
/player/C36A90FE-DFA8-414B-A8B6-F2BCF6B9B8BD/joshuacheng,Joshua CHENG
/player/C36A90FE-DFA8-414B-A8B6-F2BCF6B9B8BD/emilyyu1030,Emily YU
/player/C36A90FE-DFA8-414B-A8B6-F2BCF6B9B8BD/36382,Derrick CHEUNG
/player/C36A90FE-DFA8-414B-A8B6-F2BCF6B9B8BD/12082953,Leilani Xinyue LU
/player/C36A90FE-DFA8-414B-A8B6-F2BCF6B9B8BD/123123123,Thomas HE
/player/C36A90FE-DFA8-414B-A8B6-F2BCF6B9B8BD/XX13011223,Gillian XU
/player/C36A90FE-DFA8-414B-A8B6-F2BCF6B9B8BD/XX13003435,Eric LIU
/player/C36A90FE-DFA8-414B-A8B6-F2BCF6B9B8BD/XX13015898,Crystal LE
/player/C36A90FE-DFA8-414B-A8B6-F2BCF6B9B8BD/21357475,Jenson LEE
/player/C36A90FE-DFA8-414B-A8B6-F2BCF6B9B8BD/75669643,Summer WONG
/player/C36A90FE-DFA8-414B-A8B6-F2BCF6B9B8BD/XX12997663,Alice Y WANG
/player/C36A90FE-DFA8-414B-A8B6-F2BCF6B9B8BD/12345678,Byron LI
/player/C36A90FE-DFA8-414B-A8B6-F2BCF6B9B8BD/110812345,Sharie KWOK
/player/C36A90FE-DFA8-414B-A8B6-F2BCF6B9B8BD/Mdang,Max DANG
/player/C36A90FE-DFA8-414B-A8B6-F2BCF6B9B8BD/XX12978555,Lisa Thuy HO
/player/C36A90FE-DFA8-414B-A8B6-F2BCF6B9B8BD/519230857,Timothy Z LO
/player/C36A90FE-DFA8-414B-A8B6-F2BCF6B9B8BD/XX13017653,Lillian TRáº¦N
/player/C36A90FE-DFA8-414B-A8B6-F2BCF6B9B8BD/69,Liang QU
/player/C36A90FE-DFA8-414B-A8B6-F2BCF6B9B8BD/420629,Iris LEE
/player/C36A90FE-DFA8-414B-A8B6-F2BCF6B9B8BD/2035639,Chris HO
/player/C36A90FE-DFA8-414B-A8B6-F2BCF6B9B8BD/665,Tammy XIE
/player/C36A90FE-DFA8-414B-A8B6-F2BCF6B9B8BD/XX13019707,Carol QUACH
/player/C36A90FE-DFA8-414B-A8B6-F2BCF6B9B8BD/696969696969696969,Van Hoang PHAM
/player/C36A90FE-DFA8-414B-A8B6-F2BCF6B9B8BD/800000,Lydia LI
/player/C36A90FE-DFA8-414B-A8B6-F2BCF6B9B8BD/3627,Wilson Kaliyath JACOB
/player/C36A90FE-DFA8-414B-A8B6-F2BCF6B9B8BD/1019068,Neha AGARWAL
/player/Nam HOANG,Nam HOANG
/player/Jonah Jane LONTOK,Jonah Jane LONTOK
/player/C36A90FE-DFA8-414B-A8B6-F2BCF6B9B8BD/987654321987654321,Johnny VU
/player/C36A90FE-DFA8-414B-A8B6-F2BCF6B9B8BD/07151999,Ivy XIE
/player/C36A90FE-DFA8-414B-A8B6-F2BCF6B9B8BD/XX13024579,Douglas LA
/player/C36A90FE-DFA8-414B-A8B6-F2BCF6B9B8BD/1233,Jimmy LAW
/player/C36A90FE-DFA8-414B-A8B6-F2BCF6B9B8BD/N/a,Sam WU
/player/C36A90FE-DFA8-414B-A8B6-F2BCF6B9B8BD/XX12999124,Andrew HSU
/player/C36A90FE-DFA8-414B-A8B6-F2BCF6B9B8BD/None,Mohamed NAINAR
/player/C36A90FE-DFA8-414B-A8B6-F2BCF6B9B8BD/999999,Helene NGUYEN
/player/C36A90FE-DFA8-414B-A8B6-F2BCF6B9B8BD/XX13019735,Tracy TONNU
/player/C36A90FE-DFA8-414B-A8B6-F2BCF6B9B8BD/47431,Meha VEDERE
/player/C36A90FE-DFA8-414B-A8B6-F2BCF6B9B8BD/XX13013609,Patricia XIONG
/player/C36A90FE-DFA8-414B-A8B6-F2BCF6B9B8BD/XX13013611,Selina XU
/player/C36A90FE-DFA8-414B-A8B6-F2BCF6B9B8BD/XX12979398,Steve ZHAO
/player/C36A90FE-DFA8-414B-A8B6-F2BCF6B9B8BD/2292,Jianfeng GUAN
/player/C36A90FE-DFA8-414B-A8B6-F2BCF6B9B8BD/2162,Albert LAU
/player/C36A90FE-DFA8-414B-A8B6-F2BCF6B9B8BD/E201605099739605,Phil CHIEM
/player/C36A90FE-DFA8-414B-A8B6-F2BCF6B9B8BD/XX13019798,Tina LIU
/player/C36A90FE-DFA8-414B-A8B6-F2BCF6B9B8BD/1019333,Kathy CAI
/player/C36A90FE-DFA8-414B-A8B6-F2BCF6B9B8BD/2033453,Angela ZHANG
/player/C36A90FE-DFA8-414B-A8B6-F2BCF6B9B8BD/XX13032926,Choo NG
/player/Jin SUN,Jin SUN
/player/C36A90FE-DFA8-414B-A8B6-F2BCF6B9B8BD/XX13019871,Brian TERNURA
/player/C36A90FE-DFA8-414B-A8B6-F2BCF6B9B8BD/XX12999298,Andrew LU
/player/C36A90FE-DFA8-414B-A8B6-F2BCF6B9B8BD/XX12973352,Christopher Marc PRAJOGO
/player/C36A90FE-DFA8-414B-A8B6-F2BCF6B9B8BD/XX12968967,Renita NGE
/player/C36A90FE-DFA8-414B-A8B6-F2BCF6B9B8BD/1018953,Hebe WANG
/player/C36A90FE-DFA8-414B-A8B6-F2BCF6B9B8BD/47639,Jasmine YEUNG
/player/C36A90FE-DFA8-414B-A8B6-F2BCF6B9B8BD/BBC-Member-Eric-Sin,Eric Chung Yui SIN
/player/C36A90FE-DFA8-414B-A8B6-F2BCF6B9B8BD/0123,Joshua DAO
/player/C36A90FE-DFA8-414B-A8B6-F2BCF6B9B8BD/52625910,Tiffany TRUONG
/player/C36A90FE-DFA8-414B-A8B6-F2BCF6B9B8BD/XX13014857,Anne BANGCAYA
/player/C36A90FE-DFA8-414B-A8B6-F2BCF6B9B8BD/2035032,Mona SHEUNG
/player/C36A90FE-DFA8-414B-A8B6-F2BCF6B9B8BD/1345,Kevin LIU
/player/C36A90FE-DFA8-414B-A8B6-F2BCF6B9B8BD/1226,Lesley Diana HOM
/player/C36A90FE-DFA8-414B-A8B6-F2BCF6B9B8BD/XX12998928,Amy YANG
/player/C36A90FE-DFA8-414B-A8B6-F2BCF6B9B8BD/203xxxx,Lok SHEUNG
/player/C36A90FE-DFA8-414B-A8B6-F2BCF6B9B8BD/07211203,Woon LOW
/player/C36A90FE-DFA8-414B-A8B6-F2BCF6B9B8BD/XX13032960,Eric ZHANG
/player/C36A90FE-DFA8-414B-A8B6-F2BCF6B9B8BD/10005239,Nihal AFSAL
/player/C36A90FE-DFA8-414B-A8B6-F2BCF6B9B8BD/XX13019890,Yujie FENG
/player/C36A90FE-DFA8-414B-A8B6-F2BCF6B9B8BD/XX13019894,Hongzuo REN
/player/C36A90FE-DFA8-414B-A8B6-F2BCF6B9B8BD/XX13013830,Nicholas Joseph JIANG
/player/C36A90FE-DFA8-414B-A8B6-F2BCF6B9B8BD/XX13019848,Shumi WU
/player/C36A90FE-DFA8-414B-A8B6-F2BCF6B9B8BD/vincinnamon,Vincent HA
/player/C36A90FE-DFA8-414B-A8B6-F2BCF6B9B8BD/XX13002112,Tyler YEH
/player/C36A90FE-DFA8-414B-A8B6-F2BCF6B9B8BD/XX12988764,Isaac LI
/player/C36A90FE-DFA8-414B-A8B6-F2BCF6B9B8BD/XX12988765,Zachary WANG
/player/Kelvin BUI,Kelvin BUI
/player/Vinh VU,Vinh VU
/player/C36A90FE-DFA8-414B-A8B6-F2BCF6B9B8BD/XX13029660,Yu Hung JIANG
/player/C36A90FE-DFA8-414B-A8B6-F2BCF6B9B8BD/XX13029610,Caden Feng YUAN
/player/C36A90FE-DFA8-414B-A8B6-F2BCF6B9B8BD/XX13019557,Delphine HO
/player/C36A90FE-DFA8-414B-A8B6-F2BCF6B9B8BD/XX13012683,Andrew KAO
/player/C36A90FE-DFA8-414B-A8B6-F2BCF6B9B8BD/16431634613,Danny BI
/player/Luke TRINH,Luke TRINH
/player/C36A90FE-DFA8-414B-A8B6-F2BCF6B9B8BD/XX13019423,Ryan Alexander LEE
/player/C36A90FE-DFA8-414B-A8B6-F2BCF6B9B8BD/XX13019609,Frank ZHOU
/player/C36A90FE-DFA8-414B-A8B6-F2BCF6B9B8BD/XX13019729,Betty YANG
/player/C36A90FE-DFA8-414B-A8B6-F2BCF6B9B8BD/XX13019819,Aaron SUN
/player/C36A90FE-DFA8-414B-A8B6-F2BCF6B9B8BD/XX13019821,Alex ZHANG
/player/C36A90FE-DFA8-414B-A8B6-F2BCF6B9B8BD/05151998,Jorge GONZALEZ ABUNDIS
/player/C36A90FE-DFA8-414B-A8B6-F2BCF6B9B8BD/XX13016076,Steffi Elaine PRAJOGO
/player/C36A90FE-DFA8-414B-A8B6-F2BCF6B9B8BD/34574UJ,Andrew Socal KAO
/player/C36A90FE-DFA8-414B-A8B6-F2BCF6B9B8BD/0006848,Holdson HC LIANG
/player/C36A90FE-DFA8-414B-A8B6-F2BCF6B9B8BD/39287582,Michael LAM
/player/C36A90FE-DFA8-414B-A8B6-F2BCF6B9B8BD/31416,Shashank DHOLAKIA
/player/C36A90FE-DFA8-414B-A8B6-F2BCF6B9B8BD/31415926,Shishir DHOLAKIA
/player/C36A90FE-DFA8-414B-A8B6-F2BCF6B9B8BD/1018380,Alex KING
/player/C36A90FE-DFA8-414B-A8B6-F2BCF6B9B8BD/XX13003121,Ved Ncal VEDERE
/player/C36A90FE-DFA8-414B-A8B6-F2BCF6B9B8BD/XX13019888,Dexter VU
/player/C36A90FE-DFA8-414B-A8B6-F2BCF6B9B8BD/2132132154,Tedman ZHUANG
/player/C36A90FE-DFA8-414B-A8B6-F2BCF6B9B8BD/47631,Patricia TRAN
/player/C36A90FE-DFA8-414B-A8B6-F2BCF6B9B8BD/JenCuando56,Jenny J WEN
/player/C36A90FE-DFA8-414B-A8B6-F2BCF6B9B8BD/30081996,Pho V LE
/player/C36A90FE-DFA8-414B-A8B6-F2BCF6B9B8BD/XX13019900,Nhan TON
/player/C36A90FE-DFA8-414B-A8B6-F2BCF6B9B8BD/XX12940754,Stefan PRAJOGO
/player/C36A90FE-DFA8-414B-A8B6-F2BCF6B9B8BD/Gerrard141836,Chaopeng LI
/player/C36A90FE-DFA8-414B-A8B6-F2BCF6B9B8BD/paulma712,Hong C MA
/player/C36A90FE-DFA8-414B-A8B6-F2BCF6B9B8BD/1018632,Justin FANG
/player/C36A90FE-DFA8-414B-A8B6-F2BCF6B9B8BD/XX13027130,Michael GUAN
/player/C36A90FE-DFA8-414B-A8B6-F2BCF6B9B8BD/XX13027351,Jason FANG
/player/C36A90FE-DFA8-414B-A8B6-F2BCF6B9B8BD/XX13011653,Isaac Caleb WANG
/player/C36A90FE-DFA8-414B-A8B6-F2BCF6B9B8BD/XX13019897,Martin YAO
/player/C36A90FE-DFA8-414B-A8B6-F2BCF6B9B8BD/620,Darren LO
/player/C36A90FE-DFA8-414B-A8B6-F2BCF6B9B8BD/2035253,Caden J LIU
/player/C36A90FE-DFA8-414B-A8B6-F2BCF6B9B8BD/2034197,Alex SIN
/player/C36A90FE-DFA8-414B-A8B6-F2BCF6B9B8BD/XX13029645,Sam VUONG
/player/C36A90FE-DFA8-414B-A8B6-F2BCF6B9B8BD/2034181,David zi-chiang WANG
/player/C36A90FE-DFA8-414B-A8B6-F2BCF6B9B8BD/leeladhithya,Leeladhithya KANDATI
/player/C36A90FE-DFA8-414B-A8B6-F2BCF6B9B8BD/AaronCSu,Aaron Chi SU
/player/C36A90FE-DFA8-414B-A8B6-F2BCF6B9B8BD/3442,Julie YANG
/player/C36A90FE-DFA8-414B-A8B6-F2BCF6B9B8BD/fuxiaofeng,Xiao Lan ZHANG
/player/C36A90FE-DFA8-414B-A8B6-F2BCF6B9B8BD/412313121,Tommy CHIU
/player/C36A90FE-DFA8-414B-A8B6-F2BCF6B9B8BD/425113600,Gia Thang HIN
/player/C36A90FE-DFA8-414B-A8B6-F2BCF6B9B8BD/XX13019742,Samir BISTENI
/player/C36A90FE-DFA8-414B-A8B6-F2BCF6B9B8BD/XX13019644,Oscar LEE
/player/C36A90FE-DFA8-414B-A8B6-F2BCF6B9B8BD/jeffreyhong,Jeffrey HONG
/player/James HUYNH,James HUYNH
/player/C36A90FE-DFA8-414B-A8B6-F2BCF6B9B8BD/Liwei Deng,Liwei DENG
/player/C36A90FE-DFA8-414B-A8B6-F2BCF6B9B8BD/709394,Hulong ZENG
/player/C36A90FE-DFA8-414B-A8B6-F2BCF6B9B8BD/XX13019791,Tan NILGIANSKUL
/player/C36A90FE-DFA8-414B-A8B6-F2BCF6B9B8BD/XX13016080,Daryl MONTEMAYOR
/player/C36A90FE-DFA8-414B-A8B6-F2BCF6B9B8BD/XX13005207,Du NGUYEN
/player/C36A90FE-DFA8-414B-A8B6-F2BCF6B9B8BD/XX13005335,Steven WONG
/player/C36A90FE-DFA8-414B-A8B6-F2BCF6B9B8BD/1342,Jotsroop Singh SIDHU
