/player/C36A90FE-DFA8-414B-A8B6-F2BCF6B9B8BD/1020112,Ryan N Chan
/player/C36A90FE-DFA8-414B-A8B6-F2BCF6B9B8BD/000000,Srinivasa Akhilesh Nidamanuri
/player/C36A90FE-DFA8-414B-A8B6-F2BCF6B9B8BD/pmcdonnal,Patrick Mcdonnal
/player/C36A90FE-DFA8-414B-A8B6-F2BCF6B9B8BD/00000,Ryan Lee
/player/C36A90FE-DFA8-414B-A8B6-F2BCF6B9B8BD/52616,Hugo Lin
/player/C36A90FE-DFA8-414B-A8B6-F2BCF6B9B8BD/9152505,Austin Tsang
/player/C36A90FE-DFA8-414B-A8B6-F2BCF6B9B8BD/Badminton,Raylor Liu
/player/Roger Tan Vu-Mai,Roger Tan Vu-Mai
/player/C36A90FE-DFA8-414B-A8B6-F2BCF6B9B8BD/328074413,Frank Ye
/player/C36A90FE-DFA8-414B-A8B6-F2BCF6B9B8BD/1020686,Rajat Rawat
/player/C36A90FE-DFA8-414B-A8B6-F2BCF6B9B8BD/47601,Andrew Li
/player/C36A90FE-DFA8-414B-A8B6-F2BCF6B9B8BD/1111111,Roye Wu
/player/C36A90FE-DFA8-414B-A8B6-F2BCF6B9B8BD/jerryuen,Jerry Yuen
/player/C36A90FE-DFA8-414B-A8B6-F2BCF6B9B8BD/12345,Mason Fujimoto
/player/C36A90FE-DFA8-414B-A8B6-F2BCF6B9B8BD/519230857,Timothy Z Lo
/player/C36A90FE-DFA8-414B-A8B6-F2BCF6B9B8BD/Ragneo,Brandon Lee
/player/C36A90FE-DFA8-414B-A8B6-F2BCF6B9B8BD/tommy13810,Tommy Nguyen
/player/C36A90FE-DFA8-414B-A8B6-F2BCF6B9B8BD/INT31,Suraj Rajesh Kumar
/player/C36A90FE-DFA8-414B-A8B6-F2BCF6B9B8BD/156844651,Felix Lieu
/player/C36A90FE-DFA8-414B-A8B6-F2BCF6B9B8BD/Coach+Yee,Adwin Sujin
/player/C36A90FE-DFA8-414B-A8B6-F2BCF6B9B8BD/8105,Wesley Hwa
/player/C36A90FE-DFA8-414B-A8B6-F2BCF6B9B8BD/420,Bendon Long Tran
/player/C36A90FE-DFA8-414B-A8B6-F2BCF6B9B8BD/21761611616616161,Kevin Bach
/player/C36A90FE-DFA8-414B-A8B6-F2BCF6B9B8BD/smash4life,Brian Wu
/player/C36A90FE-DFA8-414B-A8B6-F2BCF6B9B8BD/E2017120111647094,Christian Mendoza Martinez
/player/C36A90FE-DFA8-414B-A8B6-F2BCF6B9B8BD/47659,Philip Harrison Ngo
/player/Prashant Reddy Adavelli,Prashant Reddy Adavelli
/player/C36A90FE-DFA8-414B-A8B6-F2BCF6B9B8BD/Ryan+T,Ryan Tam
/player/C36A90FE-DFA8-414B-A8B6-F2BCF6B9B8BD/asdfgh,Marshall Peng
/player/C36A90FE-DFA8-414B-A8B6-F2BCF6B9B8BD/041903,Min Lin
/player/C36A90FE-DFA8-414B-A8B6-F2BCF6B9B8BD/10043,Connor B Chan
/player/C36A90FE-DFA8-414B-A8B6-F2BCF6B9B8BD/1021755,Akshay Praveen
/player/C36A90FE-DFA8-414B-A8B6-F2BCF6B9B8BD/2033310,Brenden Cheung
/player/Vivek R Gupta,Vivek R Gupta
/player/Jayanth Srinivasan,Jayanth Srinivasan
/player/C36A90FE-DFA8-414B-A8B6-F2BCF6B9B8BD/No+Id,Neil Patel
/player/C36A90FE-DFA8-414B-A8B6-F2BCF6B9B8BD/%2310,James Huynh
/player/C36A90FE-DFA8-414B-A8B6-F2BCF6B9B8BD/3032668680,Jonathan Wong
/player/C36A90FE-DFA8-414B-A8B6-F2BCF6B9B8BD/855963231,Deon Labrador
/player/C36A90FE-DFA8-414B-A8B6-F2BCF6B9B8BD/Team,Lakshya Rajpal
/player/Albert Nguyen,Albert Nguyen
/player/C36A90FE-DFA8-414B-A8B6-F2BCF6B9B8BD/John4269,John Thanh Le
/player/C36A90FE-DFA8-414B-A8B6-F2BCF6B9B8BD/notavailable,Koty Chen
/player/C36A90FE-DFA8-414B-A8B6-F2BCF6B9B8BD/1234567890,Bryan A Dang
/player/C36A90FE-DFA8-414B-A8B6-F2BCF6B9B8BD/42042042042042042042,Joseph Vo
/player/C36A90FE-DFA8-414B-A8B6-F2BCF6B9B8BD/Husky+Badminton+Team,Suiliang Ma
/player/C36A90FE-DFA8-414B-A8B6-F2BCF6B9B8BD/544703,Julius Chang
/player/C36A90FE-DFA8-414B-A8B6-F2BCF6B9B8BD/1020793,Jarvis Hong
/player/C36A90FE-DFA8-414B-A8B6-F2BCF6B9B8BD/0000000,Robert Le
/player/C36A90FE-DFA8-414B-A8B6-F2BCF6B9B8BD/1020784,Carsten Lam
/player/Matthew Tse,Matthew Tse
/player/Ethan Soo,Ethan Soo
/player/Matthew Chan,Matthew Chan
/player/C36A90FE-DFA8-414B-A8B6-F2BCF6B9B8BD/47570,Jaden Jin
/player/C36A90FE-DFA8-414B-A8B6-F2BCF6B9B8BD/1111,Harshita Kandambakkam
/player/C36A90FE-DFA8-414B-A8B6-F2BCF6B9B8BD/sam123,Sam Du
/player/C36A90FE-DFA8-414B-A8B6-F2BCF6B9B8BD/clemmy,Clement Hoang
/player/C36A90FE-DFA8-414B-A8B6-F2BCF6B9B8BD/1018915,Deya Liao
/player/C36A90FE-DFA8-414B-A8B6-F2BCF6B9B8BD/8675309,Masaharu Kakinami
/player/Kenny Luu,Kenny Luu
/player/C36A90FE-DFA8-414B-A8B6-F2BCF6B9B8BD/IDkwhatitis,Ryan Zhang
/player/C36A90FE-DFA8-414B-A8B6-F2BCF6B9B8BD/011999767,Kok Jie Soo
/player/C36A90FE-DFA8-414B-A8B6-F2BCF6B9B8BD/540315,Franklin V Hughes
/player/C36A90FE-DFA8-414B-A8B6-F2BCF6B9B8BD/32991,Vinh Pham
/player/C36A90FE-DFA8-414B-A8B6-F2BCF6B9B8BD/ssindho,Sindhoori Pasumarthi
/player/C36A90FE-DFA8-414B-A8B6-F2BCF6B9B8BD/1018199,Martin Mitchel
/player/C36A90FE-DFA8-414B-A8B6-F2BCF6B9B8BD/1021681,Anatoly Tsigelnik
/player/C36A90FE-DFA8-414B-A8B6-F2BCF6B9B8BD/Brain+Keejano,Brian Quijano
/player/C36A90FE-DFA8-414B-A8B6-F2BCF6B9B8BD/12839470129384701298,Ashley Liao
/player/C36A90FE-DFA8-414B-A8B6-F2BCF6B9B8BD/47326,Amber Low
/player/C36A90FE-DFA8-414B-A8B6-F2BCF6B9B8BD/1018447,Charity Lam
/player/C36A90FE-DFA8-414B-A8B6-F2BCF6B9B8BD/00000000,Kevin Zhou
/player/Vivek Srinivasan,Vivek Srinivasan
/player/C36A90FE-DFA8-414B-A8B6-F2BCF6B9B8BD/5184344,Sudhanshu Singhal
/player/C36A90FE-DFA8-414B-A8B6-F2BCF6B9B8BD/012216347,Sam Vuong
/player/C36A90FE-DFA8-414B-A8B6-F2BCF6B9B8BD/2034264,Ragalina Palaka
/player/C36A90FE-DFA8-414B-A8B6-F2BCF6B9B8BD/2092,Cindy Yuan
/player/C36A90FE-DFA8-414B-A8B6-F2BCF6B9B8BD/2033970,Alex Zhu
/player/C36A90FE-DFA8-414B-A8B6-F2BCF6B9B8BD/47294,Ishika Jaiswal
/player/C36A90FE-DFA8-414B-A8B6-F2BCF6B9B8BD/2035628,Isaac Yang
/player/C36A90FE-DFA8-414B-A8B6-F2BCF6B9B8BD/1019382,Arushi Tyagi
/player/C36A90FE-DFA8-414B-A8B6-F2BCF6B9B8BD/5082229,Jay Dinh
/player/C36A90FE-DFA8-414B-A8B6-F2BCF6B9B8BD/459321,Anthony Qiu
/player/C36A90FE-DFA8-414B-A8B6-F2BCF6B9B8BD/2034051,Kristine Nicole Ngo
/player/C36A90FE-DFA8-414B-A8B6-F2BCF6B9B8BD/47652,Shelley Li
/player/C36A90FE-DFA8-414B-A8B6-F2BCF6B9B8BD/71021,Darren C. Yang
/player/C36A90FE-DFA8-414B-A8B6-F2BCF6B9B8BD/400002,Serge Blanchet
/player/C36A90FE-DFA8-414B-A8B6-F2BCF6B9B8BD/XX12948948,Bianca Tam
/player/C36A90FE-DFA8-414B-A8B6-F2BCF6B9B8BD/A008855,Gauri Ajit Ghate
/player/C36A90FE-DFA8-414B-A8B6-F2BCF6B9B8BD/1019329,Tara(Koyu) Chou
/player/Donna Tran,Donna Tran
/player/C36A90FE-DFA8-414B-A8B6-F2BCF6B9B8BD/1020771,Katie Dieu-Tam Ngo
/player/C36A90FE-DFA8-414B-A8B6-F2BCF6B9B8BD/1021454,Nidhi Sujin
/player/C36A90FE-DFA8-414B-A8B6-F2BCF6B9B8BD/20029545,Cody Chen
/player/Daria Buka,Daria Buka
/player/C36A90FE-DFA8-414B-A8B6-F2BCF6B9B8BD/80773,Esien Ng
/player/C36A90FE-DFA8-414B-A8B6-F2BCF6B9B8BD/jazzy123,Jazzy Rao
/player/C36A90FE-DFA8-414B-A8B6-F2BCF6B9B8BD/what+now,Amy Chatterjee
/player/C36A90FE-DFA8-414B-A8B6-F2BCF6B9B8BD/1021016,Anjali Abhilash
/player/C36A90FE-DFA8-414B-A8B6-F2BCF6B9B8BD/1021963,Alanna Lee
/player/C36A90FE-DFA8-414B-A8B6-F2BCF6B9B8BD/0346,Agnes Wong
/player/C36A90FE-DFA8-414B-A8B6-F2BCF6B9B8BD/nonel,Mei Jin
/player/Daniel Fung,Daniel Fung
/player/Xin Huang,Xin Huang
/player/C36A90FE-DFA8-414B-A8B6-F2BCF6B9B8BD/1018243,Angie Huang
/player/C36A90FE-DFA8-414B-A8B6-F2BCF6B9B8BD/1018631,Steve zhikai Su
/player/C36A90FE-DFA8-414B-A8B6-F2BCF6B9B8BD/2034319,Jessica Fan
/player/C36A90FE-DFA8-414B-A8B6-F2BCF6B9B8BD/31970HZ,Jarold Cordero
/player/Kelley Yuan,Kelley Yuan
/player/C36A90FE-DFA8-414B-A8B6-F2BCF6B9B8BD/47267,Tommy Tan
/player/C36A90FE-DFA8-414B-A8B6-F2BCF6B9B8BD/2034522,Ellen Zulkarnain
/player/C36A90FE-DFA8-414B-A8B6-F2BCF6B9B8BD/987654321987654321,Johnny Vu
/player/C36A90FE-DFA8-414B-A8B6-F2BCF6B9B8BD/2035565,Jacqueline Zhang
/player/C36A90FE-DFA8-414B-A8B6-F2BCF6B9B8BD/2034552,Sean Chen
/player/C36A90FE-DFA8-414B-A8B6-F2BCF6B9B8BD/800000,Lydia Li
/player/Jessica Wang,Jessica Wang
/player/C36A90FE-DFA8-414B-A8B6-F2BCF6B9B8BD/47490,Michael Sam
/player/C36A90FE-DFA8-414B-A8B6-F2BCF6B9B8BD/70732,Hana Ton Nu
/player/C36A90FE-DFA8-414B-A8B6-F2BCF6B9B8BD/1738002,Dennis Ha
/player/Michelle Sung,Michelle Sung
/player/C36A90FE-DFA8-414B-A8B6-F2BCF6B9B8BD/401714,Timothy Kawan Tong
/player/C36A90FE-DFA8-414B-A8B6-F2BCF6B9B8BD/401639,Lisa Chang
/player/Alex Chang,Alex Chang
/player/C36A90FE-DFA8-414B-A8B6-F2BCF6B9B8BD/32511UC,Amanda Ho
/player/C36A90FE-DFA8-414B-A8B6-F2BCF6B9B8BD/ZBTC,Cote Feldsine
/player/Cheryl Cai,Cheryl Cai
/player/Jerry Lam,Jerry Lam
/player/C36A90FE-DFA8-414B-A8B6-F2BCF6B9B8BD/2033537,Bianca Wibisono
/player/Sylvia Lin,Sylvia Lin
/player/C36A90FE-DFA8-414B-A8B6-F2BCF6B9B8BD/012399,Emerald Doan
/player/C36A90FE-DFA8-414B-A8B6-F2BCF6B9B8BD/ericsueckert,Eric Su Eckert
/player/Kathy Cai,Kathy Cai
/player/Kenny Liang,Kenny Liang
/player/C36A90FE-DFA8-414B-A8B6-F2BCF6B9B8BD/817379,Betty Yang
/player/Yuanning Wu,Yuanning Wu
/player/C36A90FE-DFA8-414B-A8B6-F2BCF6B9B8BD/2034181,David zi-chiang Wang
/player/C36A90FE-DFA8-414B-A8B6-F2BCF6B9B8BD/1123904586,Emily Sun
/player/C36A90FE-DFA8-414B-A8B6-F2BCF6B9B8BD/jshih468,Jeffrey Shih
/player/C36A90FE-DFA8-414B-A8B6-F2BCF6B9B8BD/idk,Kayleen Chin
/player/C36A90FE-DFA8-414B-A8B6-F2BCF6B9B8BD/161616,Nhat Ton
/player/C36A90FE-DFA8-414B-A8B6-F2BCF6B9B8BD/99999999999999,Joyce Cheung
/player/C36A90FE-DFA8-414B-A8B6-F2BCF6B9B8BD/95026456,Tyler Lin
/player/C36A90FE-DFA8-414B-A8B6-F2BCF6B9B8BD/004121482,Richard Fleming
/player/Sandy Pan,Sandy Pan
/player/C36A90FE-DFA8-414B-A8B6-F2BCF6B9B8BD/dorketwee,Twee Phan
/player/C36A90FE-DFA8-414B-A8B6-F2BCF6B9B8BD/2515434611522,Gumaro Diaz
/player/C36A90FE-DFA8-414B-A8B6-F2BCF6B9B8BD/675456476465465,Nam Hoang
/player/C36A90FE-DFA8-414B-A8B6-F2BCF6B9B8BD/0211,Jonah Jane Lontok
/player/C36A90FE-DFA8-414B-A8B6-F2BCF6B9B8BD/2424,Alex Chen
/player/C36A90FE-DFA8-414B-A8B6-F2BCF6B9B8BD/E201506088819470,Paola Candolada
/player/C36A90FE-DFA8-414B-A8B6-F2BCF6B9B8BD/696969,Robert Yu
/player/C36A90FE-DFA8-414B-A8B6-F2BCF6B9B8BD/123213,Helen Wong
/player/C36A90FE-DFA8-414B-A8B6-F2BCF6B9B8BD/Fbsjxjx,Andrew Hua
/player/C36A90FE-DFA8-414B-A8B6-F2BCF6B9B8BD/25790,Crystal nguyen Le
/player/C36A90FE-DFA8-414B-A8B6-F2BCF6B9B8BD/LLTLMA00,Larry Ma
/player/C36A90FE-DFA8-414B-A8B6-F2BCF6B9B8BD/1018487,Tiffany Lui
/player/C36A90FE-DFA8-414B-A8B6-F2BCF6B9B8BD/111777999,Ngoc Truong
/player/C36A90FE-DFA8-414B-A8B6-F2BCF6B9B8BD/7531593,Tianhao Li
/player/C36A90FE-DFA8-414B-A8B6-F2BCF6B9B8BD/20087379,Xinyu Lin
/player/C36A90FE-DFA8-414B-A8B6-F2BCF6B9B8BD/Chubby+2.0,Damen Dao
/player/C36A90FE-DFA8-414B-A8B6-F2BCF6B9B8BD/465378,Dickson Chung
/player/C36A90FE-DFA8-414B-A8B6-F2BCF6B9B8BD/edwin.ivxx,Edwin Shih
/player/C36A90FE-DFA8-414B-A8B6-F2BCF6B9B8BD/jenny.mi,Jenny Mijares
/player/C36A90FE-DFA8-414B-A8B6-F2BCF6B9B8BD/08052003,John Tuan Anh Nguyen
/player/C36A90FE-DFA8-414B-A8B6-F2BCF6B9B8BD/09202003,Sofia Monjaraz
/player/C36A90FE-DFA8-414B-A8B6-F2BCF6B9B8BD/8367,Evan Chen
/player/C36A90FE-DFA8-414B-A8B6-F2BCF6B9B8BD/2001,Mara Aungurencei
/player/C36A90FE-DFA8-414B-A8B6-F2BCF6B9B8BD/63942,Connor Chen
/player/C36A90FE-DFA8-414B-A8B6-F2BCF6B9B8BD/654312,Eva Ye
/player/C36A90FE-DFA8-414B-A8B6-F2BCF6B9B8BD/3425,Adrian Lee
/player/C36A90FE-DFA8-414B-A8B6-F2BCF6B9B8BD/2130,Helen Weidemann
/player/C36A90FE-DFA8-414B-A8B6-F2BCF6B9B8BD/The+KT,Kevin Tran
/player/C36A90FE-DFA8-414B-A8B6-F2BCF6B9B8BD/042599,Mindy Tran Dinh
/player/C36A90FE-DFA8-414B-A8B6-F2BCF6B9B8BD/008,Sydney Erin Woo
/player/C36A90FE-DFA8-414B-A8B6-F2BCF6B9B8BD/i+don%27t+have+one+.__,Kyle Ng
/player/C36A90FE-DFA8-414B-A8B6-F2BCF6B9B8BD/06182001,Jayden Su
/player/C36A90FE-DFA8-414B-A8B6-F2BCF6B9B8BD/SJSU,Peter Kimlong Chu
/player/C36A90FE-DFA8-414B-A8B6-F2BCF6B9B8BD/Madisonli,Madison M Li
/player/C36A90FE-DFA8-414B-A8B6-F2BCF6B9B8BD/7969881,Rachel Sun
/player/C36A90FE-DFA8-414B-A8B6-F2BCF6B9B8BD/5151838,Jongho Kim
/player/C36A90FE-DFA8-414B-A8B6-F2BCF6B9B8BD/8517,Raymond Sha
/player/C36A90FE-DFA8-414B-A8B6-F2BCF6B9B8BD/36528FV,Lucy Zhang
/player/C36A90FE-DFA8-414B-A8B6-F2BCF6B9B8BD/47410,Arjun Loganathan
/player/Dana Choy,Dana Choy
/player/C36A90FE-DFA8-414B-A8B6-F2BCF6B9B8BD/54321,Benjmain Roppiyakuda
/player/C36A90FE-DFA8-414B-A8B6-F2BCF6B9B8BD/66666666666,Shanlai Shangguan
/player/C36A90FE-DFA8-414B-A8B6-F2BCF6B9B8BD/Ngu,Wilson Ngu
/player/C36A90FE-DFA8-414B-A8B6-F2BCF6B9B8BD/123456,Priscilla Ngu
/player/C36A90FE-DFA8-414B-A8B6-F2BCF6B9B8BD/10699697,Christian Basa
/player/C36A90FE-DFA8-414B-A8B6-F2BCF6B9B8BD/rx54,Melissa Hui
/player/C36A90FE-DFA8-414B-A8B6-F2BCF6B9B8BD/3398908,Samantha Lin
/player/C36A90FE-DFA8-414B-A8B6-F2BCF6B9B8BD/1021960,Jb K Huynh
/player/C36A90FE-DFA8-414B-A8B6-F2BCF6B9B8BD/1542,Zachary George Miller
/player/C36A90FE-DFA8-414B-A8B6-F2BCF6B9B8BD/0205,Vivian Tseng
/player/C36A90FE-DFA8-414B-A8B6-F2BCF6B9B8BD/93359335,Alex Law
/player/C36A90FE-DFA8-414B-A8B6-F2BCF6B9B8BD/204,Allison Rong
/player/C36A90FE-DFA8-414B-A8B6-F2BCF6B9B8BD/123123,Nero Chen
/player/C36A90FE-DFA8-414B-A8B6-F2BCF6B9B8BD/000,Linda Li
/player/C36A90FE-DFA8-414B-A8B6-F2BCF6B9B8BD/2034553,Ryan Phan
/player/C36A90FE-DFA8-414B-A8B6-F2BCF6B9B8BD/11223,Steffi Ling
/player/C36A90FE-DFA8-414B-A8B6-F2BCF6B9B8BD/567890,Alyson Lee
/player/C36A90FE-DFA8-414B-A8B6-F2BCF6B9B8BD/laserpie,Hugo Hsi
/player/C36A90FE-DFA8-414B-A8B6-F2BCF6B9B8BD/009772139,Daniel Wong
/player/C36A90FE-DFA8-414B-A8B6-F2BCF6B9B8BD/221,Amy Do
/player/Steven Dinh,Steven Dinh
/player/C36A90FE-DFA8-414B-A8B6-F2BCF6B9B8BD/04040404,Quynh Nguyen
/player/C36A90FE-DFA8-414B-A8B6-F2BCF6B9B8BD/Maithili2004,Maithili Vinay Munjewar
/player/C36A90FE-DFA8-414B-A8B6-F2BCF6B9B8BD/9798,Jeffery Z Wang
/player/Steven H Nguyen,Steven H Nguyen
/player/Luis Tadeo Sanchez,Luis Tadeo Sanchez
/player/Bryan Leung,Bryan Leung
/player/C36A90FE-DFA8-414B-A8B6-F2BCF6B9B8BD/iAmTheBest,Vivan Sinha
/player/C36A90FE-DFA8-414B-A8B6-F2BCF6B9B8BD/9726,Derek Chen
/player/C36A90FE-DFA8-414B-A8B6-F2BCF6B9B8BD/Bla,Thaison N Le
/player/C36A90FE-DFA8-414B-A8B6-F2BCF6B9B8BD/69,Moharidh S Meas
/player/C36A90FE-DFA8-414B-A8B6-F2BCF6B9B8BD/IsaacKu19,Isaac Ku
/player/C36A90FE-DFA8-414B-A8B6-F2BCF6B9B8BD/27126362,Henry Kang
/player/C36A90FE-DFA8-414B-A8B6-F2BCF6B9B8BD/0000,Nihal Kadamba
/player/C36A90FE-DFA8-414B-A8B6-F2BCF6B9B8BD/47891,Justin Kan
/player/C36A90FE-DFA8-414B-A8B6-F2BCF6B9B8BD/jlim.2001,Jonathan Lim
/player/C36A90FE-DFA8-414B-A8B6-F2BCF6B9B8BD/1234567,Robin Bao Lee
/player/C36A90FE-DFA8-414B-A8B6-F2BCF6B9B8BD/1020126,Justin Han
/player/C36A90FE-DFA8-414B-A8B6-F2BCF6B9B8BD/Mrbawl,Benjamin H Rowe
/player/C36A90FE-DFA8-414B-A8B6-F2BCF6B9B8BD/jerryjiao,Jerry Jiao
/player/C36A90FE-DFA8-414B-A8B6-F2BCF6B9B8BD/3034269840,Rj Lee
/player/C36A90FE-DFA8-414B-A8B6-F2BCF6B9B8BD/In+a+club,Gabriel Lee
/player/C36A90FE-DFA8-414B-A8B6-F2BCF6B9B8BD/11110000,Jimmy Nguyen
/player/C36A90FE-DFA8-414B-A8B6-F2BCF6B9B8BD/Jimmy+Gao,Jimmy y Gao
/player/C36A90FE-DFA8-414B-A8B6-F2BCF6B9B8BD/David+Gong,David Gong
/player/C36A90FE-DFA8-414B-A8B6-F2BCF6B9B8BD/5151872,Zach Leung
/player/C36A90FE-DFA8-414B-A8B6-F2BCF6B9B8BD/CoC,Leo Guo
/player/C36A90FE-DFA8-414B-A8B6-F2BCF6B9B8BD/3691,Sam Fong
/player/C36A90FE-DFA8-414B-A8B6-F2BCF6B9B8BD/leeladhithya,Leeladhithya Kandati
/player/C36A90FE-DFA8-414B-A8B6-F2BCF6B9B8BD/Saisarath96,Sai Sarath Vattikuti
/player/C36A90FE-DFA8-414B-A8B6-F2BCF6B9B8BD/Trumantang,Truman Tang
/player/C36A90FE-DFA8-414B-A8B6-F2BCF6B9B8BD/321,Rong Wei
/player/C36A90FE-DFA8-414B-A8B6-F2BCF6B9B8BD/123,Victor Xing
/player/C36A90FE-DFA8-414B-A8B6-F2BCF6B9B8BD/antnguyen,An Thanh Nguyen
/player/C36A90FE-DFA8-414B-A8B6-F2BCF6B9B8BD/007,Allen Chen
/player/C36A90FE-DFA8-414B-A8B6-F2BCF6B9B8BD/12435677890-754333,Byron Li
/player/C36A90FE-DFA8-414B-A8B6-F2BCF6B9B8BD/A0987,Teerapat Mankong
/player/C36A90FE-DFA8-414B-A8B6-F2BCF6B9B8BD/54188,Jianhua Wu
/player/Aaron Sun,Aaron Sun
/player/C36A90FE-DFA8-414B-A8B6-F2BCF6B9B8BD/45612315,Motian Wang
/player/C36A90FE-DFA8-414B-A8B6-F2BCF6B9B8BD/Branden+Caasi,Branden Anthony Caasi
/player/C36A90FE-DFA8-414B-A8B6-F2BCF6B9B8BD/Sean+Caasi,Sean Caasi
/player/C36A90FE-DFA8-414B-A8B6-F2BCF6B9B8BD/XX13884958,Sam Chau Ho Ming
/player/C36A90FE-DFA8-414B-A8B6-F2BCF6B9B8BD/01191990,On Hui
/player/C36A90FE-DFA8-414B-A8B6-F2BCF6B9B8BD/545740,Arunaabh s Yadavalli
/player/C36A90FE-DFA8-414B-A8B6-F2BCF6B9B8BD/546125,Ricky Yoshida
/player/C36A90FE-DFA8-414B-A8B6-F2BCF6B9B8BD/540836,Alan Fung
/player/C36A90FE-DFA8-414B-A8B6-F2BCF6B9B8BD/sebaspod,Sebastian Podiono
/player/C36A90FE-DFA8-414B-A8B6-F2BCF6B9B8BD/3475,Chris Vo
/player/Wenjun Shen,Wenjun Shen
/player/C36A90FE-DFA8-414B-A8B6-F2BCF6B9B8BD/0309,Mario Lin
/player/C36A90FE-DFA8-414B-A8B6-F2BCF6B9B8BD/278,Stephen Yang
/player/C36A90FE-DFA8-414B-A8B6-F2BCF6B9B8BD/vravuri,Vijay Ravuri
/player/C36A90FE-DFA8-414B-A8B6-F2BCF6B9B8BD/bruh,Nicholas Joseph Jiang
/player/Shumi Wu,Shumi Wu
/player/C36A90FE-DFA8-414B-A8B6-F2BCF6B9B8BD/Roberthe9606,Robert He
/player/C36A90FE-DFA8-414B-A8B6-F2BCF6B9B8BD/123456789123456789,Huy Nguyen
/player/C36A90FE-DFA8-414B-A8B6-F2BCF6B9B8BD/6969,Liang Qu
/player/Alec Prasertsanit,Alec Prasertsanit
/player/C36A90FE-DFA8-414B-A8B6-F2BCF6B9B8BD/Martin+Yao,Martin Yao
/player/John Han,John Han
/player/Jeffrey Lo,Jeffrey Lo
/player/C36A90FE-DFA8-414B-A8B6-F2BCF6B9B8BD/player,Jonathan Hsu
/player/Anjo Cordero,Anjo Cordero
/player/C36A90FE-DFA8-414B-A8B6-F2BCF6B9B8BD/81453,Patrick Tsai
/player/C36A90FE-DFA8-414B-A8B6-F2BCF6B9B8BD/2631,Rajesh Kumar Mariappan
/player/C36A90FE-DFA8-414B-A8B6-F2BCF6B9B8BD/00000000000,Shantanu Hemant Oke
/player/C36A90FE-DFA8-414B-A8B6-F2BCF6B9B8BD/666,Tommy Giang
/player/Johnson Sun,Johnson Sun
/player/C36A90FE-DFA8-414B-A8B6-F2BCF6B9B8BD/798512,Lakshmi Chaladi
/player/C36A90FE-DFA8-414B-A8B6-F2BCF6B9B8BD/0007,Harsha Perannagari
/player/C36A90FE-DFA8-414B-A8B6-F2BCF6B9B8BD/39248239847,Steven Tom Nguyen
/player/C36A90FE-DFA8-414B-A8B6-F2BCF6B9B8BD/thedachen,David J Chen
/player/C36A90FE-DFA8-414B-A8B6-F2BCF6B9B8BD/2035634,Ryan Tseng
/player/C36A90FE-DFA8-414B-A8B6-F2BCF6B9B8BD/0051,Kevin Loc Kwan
/player/C36A90FE-DFA8-414B-A8B6-F2BCF6B9B8BD/1029,Perry J Randall
/player/C36A90FE-DFA8-414B-A8B6-F2BCF6B9B8BD/Hello,Wesley Hsieh
/player/C36A90FE-DFA8-414B-A8B6-F2BCF6B9B8BD/A00,Kevin Yang
/player/C36A90FE-DFA8-414B-A8B6-F2BCF6B9B8BD/1018380,Alex King
/player/C36A90FE-DFA8-414B-A8B6-F2BCF6B9B8BD/emilyhan,Emily Han
/player/C36A90FE-DFA8-414B-A8B6-F2BCF6B9B8BD/412313121,Tommy Chiu
/player/C36A90FE-DFA8-414B-A8B6-F2BCF6B9B8BD/425113600,Gia Thang Hin
/player/C36A90FE-DFA8-414B-A8B6-F2BCF6B9B8BD/144,Steven Yang
/player/C36A90FE-DFA8-414B-A8B6-F2BCF6B9B8BD/Edward+Xia,Edward Xia
/player/C36A90FE-DFA8-414B-A8B6-F2BCF6B9B8BD/2132132154,Tedman Zhuang
/player/C36A90FE-DFA8-414B-A8B6-F2BCF6B9B8BD/535534,Josh Serrano
/player/Pho Le,Pho Le
/player/Nhan Ton,Nhan Ton
/player/C36A90FE-DFA8-414B-A8B6-F2BCF6B9B8BD/2033433,Tiffany Kuang
/player/C36A90FE-DFA8-414B-A8B6-F2BCF6B9B8BD/Ncbc,Ningzi Sun
/player/C36A90FE-DFA8-414B-A8B6-F2BCF6B9B8BD/2334,Sonya Hu
/player/C36A90FE-DFA8-414B-A8B6-F2BCF6B9B8BD/8009870,Katie Tan
/player/C36A90FE-DFA8-414B-A8B6-F2BCF6B9B8BD/72925,Natalie Feng
/player/C36A90FE-DFA8-414B-A8B6-F2BCF6B9B8BD/33333333333333333333,Aileen Nguyen
/player/C36A90FE-DFA8-414B-A8B6-F2BCF6B9B8BD/1825181234567810,Uyen Pham
/player/Tracy Tonnu,Tracy Tonnu
/player/Tiffany Tran,Tiffany Tran
/player/C36A90FE-DFA8-414B-A8B6-F2BCF6B9B8BD/lorem,Delphine Ho
/player/C36A90FE-DFA8-414B-A8B6-F2BCF6B9B8BD/tiffany.ma,Tiffany Ma
/player/Natchanon Tulamok,Natchanon Tulamok
/player/Gabby Villanueva,Gabby Villanueva
/player/C36A90FE-DFA8-414B-A8B6-F2BCF6B9B8BD/999,Emily Chen
/player/C36A90FE-DFA8-414B-A8B6-F2BCF6B9B8BD/whatever,Catherine Liu
/player/C36A90FE-DFA8-414B-A8B6-F2BCF6B9B8BD/420629,Iris Lee
/player/C36A90FE-DFA8-414B-A8B6-F2BCF6B9B8BD/47631,Patricia Tran
/player/C36A90FE-DFA8-414B-A8B6-F2BCF6B9B8BD/fuxiaofeng,Xiao Lan Zhang
/player/C36A90FE-DFA8-414B-A8B6-F2BCF6B9B8BD/58239,Ally Jie Zhu
/player/C36A90FE-DFA8-414B-A8B6-F2BCF6B9B8BD/ruinnie,Ma Carla Montanes
/player/C36A90FE-DFA8-414B-A8B6-F2BCF6B9B8BD/092602,Shana Chen
/player/Kat Reyes,Kat Reyes
/player/Casey Spinetti,Casey Spinetti
/player/C36A90FE-DFA8-414B-A8B6-F2BCF6B9B8BD/12345656564633,Nancy Liu
/player/C36A90FE-DFA8-414B-A8B6-F2BCF6B9B8BD/2033453,Angela Zhang
/player/C36A90FE-DFA8-414B-A8B6-F2BCF6B9B8BD/12082953,Leilani Xinyue Lu
