/player/Jordy Supandi,Jordy Supandi
/player/Caio Li,Caio Li
/player/C36A90FE-DFA8-414B-A8B6-F2BCF6B9B8BD/5184344,Sudhanshu Singhal
/player/Daniel Wu,Daniel Wu
/player/C36A90FE-DFA8-414B-A8B6-F2BCF6B9B8BD/202066,Jared Babula
/player/C36A90FE-DFA8-414B-A8B6-F2BCF6B9B8BD/123456,Naveen Kumar Gundu
/player/C36A90FE-DFA8-414B-A8B6-F2BCF6B9B8BD/2035848,Akhil Kasetty
/player/C36A90FE-DFA8-414B-A8B6-F2BCF6B9B8BD/47106,Erwin Sarmiento
/player/C36A90FE-DFA8-414B-A8B6-F2BCF6B9B8BD/XX11327618,Eddy Shin
/player/C36A90FE-DFA8-414B-A8B6-F2BCF6B9B8BD/XX11113779,Weixian Lin
/player/C36A90FE-DFA8-414B-A8B6-F2BCF6B9B8BD/21357475,Jenson Lee
/player/C36A90FE-DFA8-414B-A8B6-F2BCF6B9B8BD/0750,Anthony Lin
/player/C36A90FE-DFA8-414B-A8B6-F2BCF6B9B8BD/400545,Eric You
/player/C36A90FE-DFA8-414B-A8B6-F2BCF6B9B8BD/47660,Samuel Wales Li
/player/C36A90FE-DFA8-414B-A8B6-F2BCF6B9B8BD/XX11224466,Stefan Schulze
/player/C36A90FE-DFA8-414B-A8B6-F2BCF6B9B8BD/87346,Evan Matthew Baker
/player/C36A90FE-DFA8-414B-A8B6-F2BCF6B9B8BD/XX11263152,Carter Tong
/player/C36A90FE-DFA8-414B-A8B6-F2BCF6B9B8BD/Jaron Huang,Jaron Huang
/player/C36A90FE-DFA8-414B-A8B6-F2BCF6B9B8BD/XX11327484,Saraj Pirasmepulkul
/player/C36A90FE-DFA8-414B-A8B6-F2BCF6B9B8BD/2032708,Marc Rusli
/player/Avinash Gautam,Avinash Gautam
/player/C36A90FE-DFA8-414B-A8B6-F2BCF6B9B8BD/jonjong1212,Jon Jong
/player/Tae Yang Desmond Hung,Tae Yang Desmond Hung
/player/C36A90FE-DFA8-414B-A8B6-F2BCF6B9B8BD/5883458834,Josue Daniel Camargo
/player/C36A90FE-DFA8-414B-A8B6-F2BCF6B9B8BD/47653,Daniel Zhou
/player/C36A90FE-DFA8-414B-A8B6-F2BCF6B9B8BD/XX11309041,Vinh Pham
/player/Nabin Lin,Nabin Lin
/player/C36A90FE-DFA8-414B-A8B6-F2BCF6B9B8BD/XX11295947,Samson Yuchi Mai
/player/C36A90FE-DFA8-414B-A8B6-F2BCF6B9B8BD/XX11326918,Ujjwal Kant
/player/C36A90FE-DFA8-414B-A8B6-F2BCF6B9B8BD/XX11295747,Joseph ian Chen
/player/C36A90FE-DFA8-414B-A8B6-F2BCF6B9B8BD/XX11301434,Jimmy Yosef Pohan
/player/C36A90FE-DFA8-414B-A8B6-F2BCF6B9B8BD/USAB# 2035548,Wyatt Fong
/player/C36A90FE-DFA8-414B-A8B6-F2BCF6B9B8BD/XX11342823,Neha Bhongir
/player/C36A90FE-DFA8-414B-A8B6-F2BCF6B9B8BD/XX11327715,Bryanna Alexa Mendoza
/player/C36A90FE-DFA8-414B-A8B6-F2BCF6B9B8BD/2035526,Xin Huang
/player/C36A90FE-DFA8-414B-A8B6-F2BCF6B9B8BD/47432,Elise Fong
/player/C36A90FE-DFA8-414B-A8B6-F2BCF6B9B8BD/1018915,Deya Liao
/player/Youchang Li,Youchang Li
/player/C36A90FE-DFA8-414B-A8B6-F2BCF6B9B8BD/A008855,Gauri Ajit Ghate
/player/C36A90FE-DFA8-414B-A8B6-F2BCF6B9B8BD/2032961,Yvonne Qiu
/player/C36A90FE-DFA8-414B-A8B6-F2BCF6B9B8BD/1994jb,Jesse William Brown
/player/C36A90FE-DFA8-414B-A8B6-F2BCF6B9B8BD/400002,Serge Blanchet
/player/C36A90FE-DFA8-414B-A8B6-F2BCF6B9B8BD/dorketwee,Twee Phan
/player/C36A90FE-DFA8-414B-A8B6-F2BCF6B9B8BD/XX11325851,Vila Chaiyasith
/player/C36A90FE-DFA8-414B-A8B6-F2BCF6B9B8BD/XX11325966,Teresa Nguyen
/player/C36A90FE-DFA8-414B-A8B6-F2BCF6B9B8BD/EBA0603,Chaoyi Liu
/player/C36A90FE-DFA8-414B-A8B6-F2BCF6B9B8BD/XX11327695,Fan Zhang
/player/C36A90FE-DFA8-414B-A8B6-F2BCF6B9B8BD/XX11301397,Wei Chen
/player/C36A90FE-DFA8-414B-A8B6-F2BCF6B9B8BD/XX11301392,Wei Chen
/player/C36A90FE-DFA8-414B-A8B6-F2BCF6B9B8BD/XX11322586,Victor Wong
/player/C36A90FE-DFA8-414B-A8B6-F2BCF6B9B8BD/XX11322593,Alice Tung
/player/C36A90FE-DFA8-414B-A8B6-F2BCF6B9B8BD/2034311,Cj Cullen
/player/C36A90FE-DFA8-414B-A8B6-F2BCF6B9B8BD/XX11313652,Aliza Van Truong
/player/C36A90FE-DFA8-414B-A8B6-F2BCF6B9B8BD/XX5535685,Ronald Koko
/player/C36A90FE-DFA8-414B-A8B6-F2BCF6B9B8BD/824,Georgina Tse
/player/C36A90FE-DFA8-414B-A8B6-F2BCF6B9B8BD/kmangiants,Kshitij Mehta
/player/C36A90FE-DFA8-414B-A8B6-F2BCF6B9B8BD/XX11296188,Haoming Chen
/player/Chhai Cheng,Chhai Cheng
/player/C36A90FE-DFA8-414B-A8B6-F2BCF6B9B8BD/XX11337538,Mei Tang
/player/Douglas La,Douglas La
/player/Makiko Imada,Makiko Imada
/player/Ashton Cusick,Ashton Cusick
/player/Cynthia Leung,Cynthia Leung
/player/C36A90FE-DFA8-414B-A8B6-F2BCF6B9B8BD/XX11337532,Raymond Leung
/player/C36A90FE-DFA8-414B-A8B6-F2BCF6B9B8BD/0346,Agnes Wong
/player/C36A90FE-DFA8-414B-A8B6-F2BCF6B9B8BD/BWF#26618 USAB#2230,Simon Wong
/player/C36A90FE-DFA8-414B-A8B6-F2BCF6B9B8BD/2033895,Graciella Ho
/player/Yoth Khaikham,Yoth Khaikham
/player/Tran Ho,Tran Ho
/player/C36A90FE-DFA8-414B-A8B6-F2BCF6B9B8BD/1227,Stevie Fung
/player/Carol Quach,Carol Quach
/player/Jasmine La,Jasmine La
/player/Benjamin Fung,Benjamin Fung
/player/Tina Lee,Tina Lee
/player/C36A90FE-DFA8-414B-A8B6-F2BCF6B9B8BD/69696969696969696969,Vannie Boy
/player/C36A90FE-DFA8-414B-A8B6-F2BCF6B9B8BD/71614052,Sonya Chiang
/player/C36A90FE-DFA8-414B-A8B6-F2BCF6B9B8BD/XX11323148,Long tieu Chung
/player/C36A90FE-DFA8-414B-A8B6-F2BCF6B9B8BD/2035412,Fiona Lai
/player/C36A90FE-DFA8-414B-A8B6-F2BCF6B9B8BD/XX11313648,Gia Hin
/player/C36A90FE-DFA8-414B-A8B6-F2BCF6B9B8BD/XX11314254,Tracy Tonnu
/player/Jarold Cordero,Jarold Cordero
/player/Heidi Chen,Heidi Chen
/player/Eddie Phmah,Eddie Phmah
/player/Crystal Fong,Crystal Fong
/player/C36A90FE-DFA8-414B-A8B6-F2BCF6B9B8BD/420420420420,Alice Lai
/player/C36A90FE-DFA8-414B-A8B6-F2BCF6B9B8BD/XX11326996,Geoff Zoehfeld
/player/Mari Ikeda,Mari Ikeda
/player/Jk R,Jk R
/player/C36A90FE-DFA8-414B-A8B6-F2BCF6B9B8BD/1234567890,Maggie Gau
/player/Chai Saephan,Chai Saephan
/player/Linda Saephan,Linda Saephan
/player/C36A90FE-DFA8-414B-A8B6-F2BCF6B9B8BD/4392,Halim Haryanto Ho
/player/C36A90FE-DFA8-414B-A8B6-F2BCF6B9B8BD/2033896,Gabriella Ho
/player/C36A90FE-DFA8-414B-A8B6-F2BCF6B9B8BD/XX11101283,Gen Makino
/player/C36A90FE-DFA8-414B-A8B6-F2BCF6B9B8BD/XX11337475,Josie Flores-Makino
/player/Vega Huen,Vega Huen
/player/Wing Wong,Wing Wong
/player/C36A90FE-DFA8-414B-A8B6-F2BCF6B9B8BD/61562,Derek Au
/player/C36A90FE-DFA8-414B-A8B6-F2BCF6B9B8BD/codyyulikesrice,Cody Yu
/player/Lance Stone,Lance Stone
/player/Gary Yeung,Gary Yeung
/player/C36A90FE-DFA8-414B-A8B6-F2BCF6B9B8BD/XX11323117,Ryan Tran
/player/C36A90FE-DFA8-414B-A8B6-F2BCF6B9B8BD/XX11313990,Andy Leung
/player/C36A90FE-DFA8-414B-A8B6-F2BCF6B9B8BD/Matthew Hsieh,Matthew K Hsieh
/player/C36A90FE-DFA8-414B-A8B6-F2BCF6B9B8BD/Joshuachan,Josh Chan
/player/C36A90FE-DFA8-414B-A8B6-F2BCF6B9B8BD/12345,Stanley Hui
/player/C36A90FE-DFA8-414B-A8B6-F2BCF6B9B8BD/2033738,Bo Bob Zhao
/player/Sivanageswararao Boddu,Sivanageswararao Boddu
/player/C36A90FE-DFA8-414B-A8B6-F2BCF6B9B8BD/XX11322259,Chris Tran
/player/C36A90FE-DFA8-414B-A8B6-F2BCF6B9B8BD/XX11327627,Hien Thanh Phan
/player/C36A90FE-DFA8-414B-A8B6-F2BCF6B9B8BD/33957YJ,Timothy Tong
/player/C36A90FE-DFA8-414B-A8B6-F2BCF6B9B8BD/XX11273973,Ajay Nair
/player/C36A90FE-DFA8-414B-A8B6-F2BCF6B9B8BD/XX11274000,Erwin Sarmeinto
/player/C36A90FE-DFA8-414B-A8B6-F2BCF6B9B8BD/XX11322689,Alexander Cheng Wei
/player/C36A90FE-DFA8-414B-A8B6-F2BCF6B9B8BD/XX11327268,Pushpak Vasanth r Arja
/player/C36A90FE-DFA8-414B-A8B6-F2BCF6B9B8BD/sam143,Samuel Navanth Prathipati
/player/Byron Li,Byron Li
/player/Peter Wong,Peter Wong
/player/C36A90FE-DFA8-414B-A8B6-F2BCF6B9B8BD/2033991,Daneil Bi
/player/C36A90FE-DFA8-414B-A8B6-F2BCF6B9B8BD/11110000,Jimmy Nguyen
/player/C36A90FE-DFA8-414B-A8B6-F2BCF6B9B8BD/XX11327543,Justin Wang
/player/C36A90FE-DFA8-414B-A8B6-F2BCF6B9B8BD/XX11327545,Alex Zhang
/player/Calvin Dai,Calvin Dai
/player/C36A90FE-DFA8-414B-A8B6-F2BCF6B9B8BD/1018632,Justin Fang
/player/C36A90FE-DFA8-414B-A8B6-F2BCF6B9B8BD/A0987,Jianhua Wu
/player/C36A90FE-DFA8-414B-A8B6-F2BCF6B9B8BD/XX11109015,Tam Vo
/player/C36A90FE-DFA8-414B-A8B6-F2BCF6B9B8BD/004121482,Richard Fleming
/player/C36A90FE-DFA8-414B-A8B6-F2BCF6B9B8BD/0320,Danny Shum
/player/C36A90FE-DFA8-414B-A8B6-F2BCF6B9B8BD/Bintang,Cote Feldsine
/player/C36A90FE-DFA8-414B-A8B6-F2BCF6B9B8BD/XX11327637,Jeffrey Chan
/player/C36A90FE-DFA8-414B-A8B6-F2BCF6B9B8BD/ISmash,Kenneth Chan
/player/C36A90FE-DFA8-414B-A8B6-F2BCF6B9B8BD/XX11327626,Nam Doan
/player/C36A90FE-DFA8-414B-A8B6-F2BCF6B9B8BD/XX11326108,Nhan Ton
/player/C36A90FE-DFA8-414B-A8B6-F2BCF6B9B8BD/400709,Michael Julian Buasan
/player/C36A90FE-DFA8-414B-A8B6-F2BCF6B9B8BD/3426,Maggie Li
/player/Melisa Byrd,Melisa Byrd
/player/Nicole Young,Nicole Young
/player/Bonnie Chan,Bonnie Chan
/player/Ruby Jen,Ruby Jen
/player/Mia Hundley,Mia Hundley
/player/C36A90FE-DFA8-414B-A8B6-F2BCF6B9B8BD/XX11326559,Nancy Liu
/player/C36A90FE-DFA8-414B-A8B6-F2BCF6B9B8BD/29435NW,Chen-Ling Chou
/player/C36A90FE-DFA8-414B-A8B6-F2BCF6B9B8BD/XX11327453,Joyce Cheung
/player/C36A90FE-DFA8-414B-A8B6-F2BCF6B9B8BD/XX11270013,Jasmine Michaela Cheng
/player/C36A90FE-DFA8-414B-A8B6-F2BCF6B9B8BD/XX11270019,Angel Zhou
/player/C36A90FE-DFA8-414B-A8B6-F2BCF6B9B8BD/XX11313753,Natalie Cramar
/player/C36A90FE-DFA8-414B-A8B6-F2BCF6B9B8BD/XX11313754,Nina Lui
