/player/Oscar Villasenor,Oscar Villasenor
/player/Jorge Alvarez,Jorge Alvarez
/player/C36A90FE-DFA8-414B-A8B6-F2BCF6B9B8BD/No id,King Diaz
/player/C36A90FE-DFA8-414B-A8B6-F2BCF6B9B8BD/bcc hao gao,Hao Gao
/player/C36A90FE-DFA8-414B-A8B6-F2BCF6B9B8BD/NhanNguyen,Nhan Nguyen
/player/C36A90FE-DFA8-414B-A8B6-F2BCF6B9B8BD/2036155,Carston Truong
/player/C36A90FE-DFA8-414B-A8B6-F2BCF6B9B8BD/ducnguyen118,Dong Duc Nguyen
/player/C36A90FE-DFA8-414B-A8B6-F2BCF6B9B8BD/1310,Mitchell Vargas Pernia
/player/C36A90FE-DFA8-414B-A8B6-F2BCF6B9B8BD/5423556,Justin-Loi Liang
/player/C36A90FE-DFA8-414B-A8B6-F2BCF6B9B8BD/UCSD,Kevin Van Nguyen
/player/C36A90FE-DFA8-414B-A8B6-F2BCF6B9B8BD/08032000,Sean Huang
/player/C36A90FE-DFA8-414B-A8B6-F2BCF6B9B8BD/5554160,Joey Nguyen
/player/C36A90FE-DFA8-414B-A8B6-F2BCF6B9B8BD/2035050,Eugene Carbajal
/player/C36A90FE-DFA8-414B-A8B6-F2BCF6B9B8BD/1970,Ricky Pedernal
/player/C36A90FE-DFA8-414B-A8B6-F2BCF6B9B8BD/Hieu,Hieu Khac Nguyen
/player/C36A90FE-DFA8-414B-A8B6-F2BCF6B9B8BD/0004395,Lisa Vittayarukskul
/player/C36A90FE-DFA8-414B-A8B6-F2BCF6B9B8BD/Dee Gee,Dee Gee
/player/C36A90FE-DFA8-414B-A8B6-F2BCF6B9B8BD/Chetong18,Nesty Pascual Santos
/player/C36A90FE-DFA8-414B-A8B6-F2BCF6B9B8BD/BRING BACK DR MAYS,Jonathan Dat-Nguyen Ly
/player/C36A90FE-DFA8-414B-A8B6-F2BCF6B9B8BD/Serra,Luke Saburo Sampadian
/player/C36A90FE-DFA8-414B-A8B6-F2BCF6B9B8BD/200502958,Kyle Justin Fernando
/player/C36A90FE-DFA8-414B-A8B6-F2BCF6B9B8BD/200610322,Ivene Rodriguez Sumicad
/player/C36A90FE-DFA8-414B-A8B6-F2BCF6B9B8BD/2036083,Ben Tirtohadi
/player/C36A90FE-DFA8-414B-A8B6-F2BCF6B9B8BD/47833,Tianrui Zheng
/player/Ronald Tan,Ronald Tan
/player/Trang Tan,Trang Tan
/player/C36A90FE-DFA8-414B-A8B6-F2BCF6B9B8BD/sdbcc Andrea,Andrea Li
/player/Sofia Guzman,Sofia Guzman
/player/Gilberto Miranda,Gilberto Miranda
/player/Christian Alvarez,Christian Alvarez
/player/Benito Soto,Benito Soto
/player/C36A90FE-DFA8-414B-A8B6-F2BCF6B9B8BD/SDBCC6,Kumpee Chansang
/player/C36A90FE-DFA8-414B-A8B6-F2BCF6B9B8BD/2257,Andrew Tanmajo
/player/C36A90FE-DFA8-414B-A8B6-F2BCF6B9B8BD/411796,Kit Aquino
/player/Ximena Castro,Ximena Castro
/player/Henry Bui,Henry Bui
/player/Harol Guerrero,Harol Guerrero
/player/C36A90FE-DFA8-414B-A8B6-F2BCF6B9B8BD/123199201,Glen Ham
/player/Mara Ussel,Mara Ussel
/player/C36A90FE-DFA8-414B-A8B6-F2BCF6B9B8BD/72299,Mason John Kralovec
/player/Desire Soto,Desire Soto
/player/Emilio Angulo,Emilio Angulo
/player/C36A90FE-DFA8-414B-A8B6-F2BCF6B9B8BD/smallest of ikes,Kevin Dao
/player/Soloman Liu,Soloman Liu
/player/C36A90FE-DFA8-414B-A8B6-F2BCF6B9B8BD/mio517,Michael Luong
/player/C36A90FE-DFA8-414B-A8B6-F2BCF6B9B8BD/nick.nguyen15,Nicholas Nguyen
/player/C36A90FE-DFA8-414B-A8B6-F2BCF6B9B8BD/EWBP,Elijah Gabriel Wimsatt
/player/C36A90FE-DFA8-414B-A8B6-F2BCF6B9B8BD/mattiskorean12,Matthew Hwansuk Choi
/player/Zara Ussel,Zara Ussel
/player/C36A90FE-DFA8-414B-A8B6-F2BCF6B9B8BD/2035695,Joshua J Yang
/player/Frida Angulo,Frida Angulo
/player/C36A90FE-DFA8-414B-A8B6-F2BCF6B9B8BD/4456389,Salvador Galvan
/player/Jair Valenzuela,Jair Valenzuela
/player/C36A90FE-DFA8-414B-A8B6-F2BCF6B9B8BD/120898035,David Vargas
/player/C36A90FE-DFA8-414B-A8B6-F2BCF6B9B8BD/Nick Ngo,Nick Keang Ngo
/player/C36A90FE-DFA8-414B-A8B6-F2BCF6B9B8BD/29860EV,Kevin Quach
/player/Abraham Castro,Abraham Castro
/player/C36A90FE-DFA8-414B-A8B6-F2BCF6B9B8BD/0326,Tony Pham
/player/Angel Ramirez,Angel Ramirez
/player/Ivan Velazquez,Ivan Velazquez
/player/C36A90FE-DFA8-414B-A8B6-F2BCF6B9B8BD/3425136,Anucha Jay Aphayavong
/player/C36A90FE-DFA8-414B-A8B6-F2BCF6B9B8BD/#19,Andrew Sang Lee
/player/C36A90FE-DFA8-414B-A8B6-F2BCF6B9B8BD/Tim Truong,Tim Vinh Truong
/player/C36A90FE-DFA8-414B-A8B6-F2BCF6B9B8BD/huynh.rem,Remy Danh Huynh
/player/C36A90FE-DFA8-414B-A8B6-F2BCF6B9B8BD/Oscar Liu,Oscar Liu
/player/C36A90FE-DFA8-414B-A8B6-F2BCF6B9B8BD/ABA,Isaiah Delos Reyes
/player/C36A90FE-DFA8-414B-A8B6-F2BCF6B9B8BD/JakeS,Jake Souriyavong
/player/C36A90FE-DFA8-414B-A8B6-F2BCF6B9B8BD/Leo Hayashi,Leo Hayashi
/player/C36A90FE-DFA8-414B-A8B6-F2BCF6B9B8BD/67247,Gaurav Malhan
/player/C36A90FE-DFA8-414B-A8B6-F2BCF6B9B8BD/25993IG,Raymond Moore
/player/C36A90FE-DFA8-414B-A8B6-F2BCF6B9B8BD/27182818,Matthew Ung
/player/Kevin Thai,Kevin Thai
/player/Philip Tran,Philip Tran
/player/C36A90FE-DFA8-414B-A8B6-F2BCF6B9B8BD/Hieu Dinh,Hieu Dinh
/player/C36A90FE-DFA8-414B-A8B6-F2BCF6B9B8BD/Francisbriones,Francis Navarro Briones
/player/Johnny Lui,Johnny Lui
/player/Jun Bautista,Jun Bautista
/player/C36A90FE-DFA8-414B-A8B6-F2BCF6B9B8BD/Pbca/baddixx,Troy Montrero
/player/C36A90FE-DFA8-414B-A8B6-F2BCF6B9B8BD/35873GE,Duy Hin
/player/C36A90FE-DFA8-414B-A8B6-F2BCF6B9B8BD/SDBCC,Que Nguyen
/player/C36A90FE-DFA8-414B-A8B6-F2BCF6B9B8BD/32285JO,Chung Kim
/player/C36A90FE-DFA8-414B-A8B6-F2BCF6B9B8BD/BADDIXX,Jake Del Villar
/player/C36A90FE-DFA8-414B-A8B6-F2BCF6B9B8BD/123456,Rafael Flores
/player/C36A90FE-DFA8-414B-A8B6-F2BCF6B9B8BD/Mark Nguyen,Mark Van Nguyen
/player/C36A90FE-DFA8-414B-A8B6-F2BCF6B9B8BD/5552644,Anna Lang
/player/C36A90FE-DFA8-414B-A8B6-F2BCF6B9B8BD/Pakapong Mongkol,Pakapong Mongkol
/player/Spencer Chang,Spencer Chang
/player/Jenzen Alejo,Jenzen Alejo
/player/C36A90FE-DFA8-414B-A8B6-F2BCF6B9B8BD/Aaa,Andrew Ting
/player/Dorothy Lee,Dorothy Lee
/player/C36A90FE-DFA8-414B-A8B6-F2BCF6B9B8BD/71399214,Lilian Vu
/player/Katherine Arevalo,Katherine Arevalo
/player/C36A90FE-DFA8-414B-A8B6-F2BCF6B9B8BD/ALK4761,Ayumi Hazel
/player/Karla Silva,Karla Silva
/player/C36A90FE-DFA8-414B-A8B6-F2BCF6B9B8BD/9096638375,Dash Dingoasen
/player/C36A90FE-DFA8-414B-A8B6-F2BCF6B9B8BD/0760669,Rusty Lorenzo Ramos
/player/C36A90FE-DFA8-414B-A8B6-F2BCF6B9B8BD/Krishna,Krishna Ramas
/player/Sebastian Acero,Sebastian Acero
/player/C36A90FE-DFA8-414B-A8B6-F2BCF6B9B8BD/Vu Ho,Vu H Ho
/player/C36A90FE-DFA8-414B-A8B6-F2BCF6B9B8BD/2034600,Kevin Fu
/player/Henry C Cawili,Henry C Cawili
/player/Ynna Samson Hughes,Ynna Samson Hughes
/player/Ashley Huang,Ashley Huang
/player/Britney Vien Dang,Britney Vien Dang
/player/C36A90FE-DFA8-414B-A8B6-F2BCF6B9B8BD/Cabrillo,Jeffrey A Galang
/player/C36A90FE-DFA8-414B-A8B6-F2BCF6B9B8BD/69696969696969696969,Vannie Boy
/player/Emilio Garcia,Emilio Garcia
/player/C36A90FE-DFA8-414B-A8B6-F2BCF6B9B8BD/050600,Andrei Pedernal
/player/C36A90FE-DFA8-414B-A8B6-F2BCF6B9B8BD/012345,Tri Le
/player/C36A90FE-DFA8-414B-A8B6-F2BCF6B9B8BD/3586,Michael Directo Manzano
/player/C36A90FE-DFA8-414B-A8B6-F2BCF6B9B8BD/36530SM,Brian Tran
/player/C36A90FE-DFA8-414B-A8B6-F2BCF6B9B8BD/891992,Bhrugesh P Desai
/player/C36A90FE-DFA8-414B-A8B6-F2BCF6B9B8BD/pinbozhou,Pinbo Zhou
/player/C36A90FE-DFA8-414B-A8B6-F2BCF6B9B8BD/23310HZ,Shan Huang
/player/Stephanie La,Stephanie La
/player/Brenda Marquez,Brenda Marquez
/player/C36A90FE-DFA8-414B-A8B6-F2BCF6B9B8BD/Elise Israel,Elise Calimlim Israel
/player/C36A90FE-DFA8-414B-A8B6-F2BCF6B9B8BD/oliviama,Olivia Ma
/player/C36A90FE-DFA8-414B-A8B6-F2BCF6B9B8BD/001,Vanessa Lopez
/player/C36A90FE-DFA8-414B-A8B6-F2BCF6B9B8BD/XX9520508,Rebekah Leslie
/player/Andrea Herrera,Andrea Herrera
/player/Luz Rosas,Luz Rosas
/player/C36A90FE-DFA8-414B-A8B6-F2BCF6B9B8BD/2032622,Alex J. Gonsalves
/player/C36A90FE-DFA8-414B-A8B6-F2BCF6B9B8BD/36293KE,Reign Skylar White
/player/C36A90FE-DFA8-414B-A8B6-F2BCF6B9B8BD/47810,Nadya Tirtohadi
/player/Virra Ratonel,Virra Ratonel
/player/C36A90FE-DFA8-414B-A8B6-F2BCF6B9B8BD/26662238,Nina Nguyen
/player/Humberto Aguirre,Humberto Aguirre
/player/C36A90FE-DFA8-414B-A8B6-F2BCF6B9B8BD/sueein87,Thanh Tina Tran
/player/C36A90FE-DFA8-414B-A8B6-F2BCF6B9B8BD/SAN DIEGO,Amiel N Molina
/player/Eden Molina,Eden Molina
/player/C36A90FE-DFA8-414B-A8B6-F2BCF6B9B8BD/2034731,Zoey Yong
/player/Noella Angulo,Noella Angulo
/player/C36A90FE-DFA8-414B-A8B6-F2BCF6B9B8BD/3546,Kc Khanh Do
/player/C36A90FE-DFA8-414B-A8B6-F2BCF6B9B8BD/Bpac,Bee Somsack La
/player/C36A90FE-DFA8-414B-A8B6-F2BCF6B9B8BD/brianchau,Brian Chau
/player/C36A90FE-DFA8-414B-A8B6-F2BCF6B9B8BD/27031KS,Tommy Ho
/player/Ghale Bautista,Ghale Bautista
/player/C36A90FE-DFA8-414B-A8B6-F2BCF6B9B8BD/012578,Mercy Pedernal
/player/C36A90FE-DFA8-414B-A8B6-F2BCF6B9B8BD/35896HV,Luann Nguyen
/player/C36A90FE-DFA8-414B-A8B6-F2BCF6B9B8BD/PikKean_96,Pik Kean Beh
/player/C36A90FE-DFA8-414B-A8B6-F2BCF6B9B8BD/0000,Jc Xu
/player/Malvin Alcala,Malvin Alcala
/player/C36A90FE-DFA8-414B-A8B6-F2BCF6B9B8BD/200915,Gordon Robert Pearman
/player/C36A90FE-DFA8-414B-A8B6-F2BCF6B9B8BD/sontran94,Son Ngoc Tran
/player/C36A90FE-DFA8-414B-A8B6-F2BCF6B9B8BD/ON11477,Chinue De La Merced
/player/Nicole Marquez,Nicole Marquez
/player/C36A90FE-DFA8-414B-A8B6-F2BCF6B9B8BD/2035191,Yun (Jill) Chiang
/player/Diana De La Trinidad,Diana De La Trinidad
/player/C36A90FE-DFA8-414B-A8B6-F2BCF6B9B8BD/Mickaela,Mickaela Akemi Carlin
/player/Lyn Bubier,Lyn Bubier
/player/C36A90FE-DFA8-414B-A8B6-F2BCF6B9B8BD/0572,Mitch Nase
/player/Carmelo Arada,Carmelo Arada
/player/C36A90FE-DFA8-414B-A8B6-F2BCF6B9B8BD/SDBCCMonkie,Monkie Monkie
/player/Tanto Wibowo,Tanto Wibowo
/player/Yadira Valenzuela,Yadira Valenzuela
/player/C36A90FE-DFA8-414B-A8B6-F2BCF6B9B8BD/Jacqueline Luong,Jackie Luong
/player/C36A90FE-DFA8-414B-A8B6-F2BCF6B9B8BD/markya619,Marky Alcala
/player/Erza Guerrero,Erza Guerrero
/player/C36A90FE-DFA8-414B-A8B6-F2BCF6B9B8BD/JasonLai24,Jason Lai
/player/C36A90FE-DFA8-414B-A8B6-F2BCF6B9B8BD/2035178 - USAB,Rose Ann Cawili
/player/C36A90FE-DFA8-414B-A8B6-F2BCF6B9B8BD/2017,Lea Marie Hazel
/player/C36A90FE-DFA8-414B-A8B6-F2BCF6B9B8BD/35923YH,Jennifer Thai
/player/C36A90FE-DFA8-414B-A8B6-F2BCF6B9B8BD/SDBC,Anita Xayasomloth
/player/Jing Mia,Jing Mia
/player/C36A90FE-DFA8-414B-A8B6-F2BCF6B9B8BD/Bui,Thomas Bui
/player/C36A90FE-DFA8-414B-A8B6-F2BCF6B9B8BD/Tyson,Tyson Do
/player/C36A90FE-DFA8-414B-A8B6-F2BCF6B9B8BD/1439,Tina Tran
/player/C36A90FE-DFA8-414B-A8B6-F2BCF6B9B8BD/2033894,Simeon Tong
/player/C36A90FE-DFA8-414B-A8B6-F2BCF6B9B8BD/123321,Lindsey Yu Lin
/player/C36A90FE-DFA8-414B-A8B6-F2BCF6B9B8BD/N/A,Jesse Wu
/player/C36A90FE-DFA8-414B-A8B6-F2BCF6B9B8BD/400901,Angela Yee
/player/C36A90FE-DFA8-414B-A8B6-F2BCF6B9B8BD/111222,Huan Ho
/player/C36A90FE-DFA8-414B-A8B6-F2BCF6B9B8BD/Alan Vong,Alan Vong
/player/C36A90FE-DFA8-414B-A8B6-F2BCF6B9B8BD/410162,Katie Minju Choi
/player/Jay Kim,Jay Kim
/player/C36A90FE-DFA8-414B-A8B6-F2BCF6B9B8BD/BrianBCC,Brian Jeon
/player/Yoko Suzuki,Yoko Suzuki
/player/Saroja Menon,Saroja Menon
/player/C36A90FE-DFA8-414B-A8B6-F2BCF6B9B8BD/Peter Nguyen,Peter Nguyen
/player/Tranh Huynh,Tranh Huynh
/player/C36A90FE-DFA8-414B-A8B6-F2BCF6B9B8BD/SDBCC27,Bang Nguyen
/player/Jeff Rutgard,Jeff Rutgard
/player/C36A90FE-DFA8-414B-A8B6-F2BCF6B9B8BD/1867,Michael Rutgard
/player/C36A90FE-DFA8-414B-A8B6-F2BCF6B9B8BD/SDBCC5,Nuttida Rungratsameetaweemana
/player/C36A90FE-DFA8-414B-A8B6-F2BCF6B9B8BD/Sdbcc2,My (Mimi) Tuyet Ong
/player/C36A90FE-DFA8-414B-A8B6-F2BCF6B9B8BD/sdbcc4,Hao P Tran
/player/C36A90FE-DFA8-414B-A8B6-F2BCF6B9B8BD/12345,Amy Lee
/player/C36A90FE-DFA8-414B-A8B6-F2BCF6B9B8BD/rh2515,Rena Han
/player/Kiet Tham,Kiet Tham
/player/Tan Le,Tan Le
/player/C36A90FE-DFA8-414B-A8B6-F2BCF6B9B8BD/Jonathan Xayasomloth,Jonathan Ko Xayasomloth
/player/C36A90FE-DFA8-414B-A8B6-F2BCF6B9B8BD/Nonr,Thao Le
/player/C36A90FE-DFA8-414B-A8B6-F2BCF6B9B8BD/6101992,Lena Van
/player/C36A90FE-DFA8-414B-A8B6-F2BCF6B9B8BD/SDBCC11,Alan Warner Justice
/player/C36A90FE-DFA8-414B-A8B6-F2BCF6B9B8BD/1993,Tran Pham
/player/C36A90FE-DFA8-414B-A8B6-F2BCF6B9B8BD/000000,Changwen Liu
/player/C36A90FE-DFA8-414B-A8B6-F2BCF6B9B8BD/ZHEYUAN,Zhe Yuan
/player/Sambo sam Kim,Sambo sam Kim
/player/C36A90FE-DFA8-414B-A8B6-F2BCF6B9B8BD/SDbcc1,De Hoang Tran
/player/Ranier Ratonel,Ranier Ratonel
/player/C36A90FE-DFA8-414B-A8B6-F2BCF6B9B8BD/Aaron2576,Aaron Paul Salvador Romualdez
/player/C36A90FE-DFA8-414B-A8B6-F2BCF6B9B8BD/Vietnam,Dat tan Truong
/player/C36A90FE-DFA8-414B-A8B6-F2BCF6B9B8BD/Digi Sports,Gina Niph
/player/C36A90FE-DFA8-414B-A8B6-F2BCF6B9B8BD/Christophy95,Christopher John Ignacio
/player/Pollyann Huynh,Pollyann Huynh
/player/C36A90FE-DFA8-414B-A8B6-F2BCF6B9B8BD/100797178,Amanda Chea Lee
/player/C36A90FE-DFA8-414B-A8B6-F2BCF6B9B8BD/0229,Absolom Cruz
/player/C36A90FE-DFA8-414B-A8B6-F2BCF6B9B8BD/1123,Patricia Paderna
/player/C36A90FE-DFA8-414B-A8B6-F2BCF6B9B8BD/123456none,Shawn Nguyen
/player/C36A90FE-DFA8-414B-A8B6-F2BCF6B9B8BD/2035196,Audrey Chan
/player/C36A90FE-DFA8-414B-A8B6-F2BCF6B9B8BD/Jose,Jose Antonio Payan
/player/Quang Nguyen,Quang Nguyen
/player/C36A90FE-DFA8-414B-A8B6-F2BCF6B9B8BD/10181972,Leif del Rosari Del Fin
/player/C36A90FE-DFA8-414B-A8B6-F2BCF6B9B8BD/Rath,Rath Sy
/player/Lawrence Guintu,Lawrence Guintu
/player/C36A90FE-DFA8-414B-A8B6-F2BCF6B9B8BD/not applicable,Kyle Ng
/player/Rainer Bautista,Rainer Bautista
/player/Melchizedek Viado,Melchizedek Viado
/player/C36A90FE-DFA8-414B-A8B6-F2BCF6B9B8BD/Kai,Kai S Chuang
/player/C36A90FE-DFA8-414B-A8B6-F2BCF6B9B8BD/47889,Carlo Aquino
/player/C36A90FE-DFA8-414B-A8B6-F2BCF6B9B8BD/3621,Marty Pineda
/player/Terry Ngo,Terry Ngo
/player/Mark Huynh,Mark Huynh
/player/C36A90FE-DFA8-414B-A8B6-F2BCF6B9B8BD/Tran,Tran Sy
/player/Iam Van,Iam Van
/player/C36A90FE-DFA8-414B-A8B6-F2BCF6B9B8BD/Chrisgalon,Chris Paul Galon
/player/C36A90FE-DFA8-414B-A8B6-F2BCF6B9B8BD/123345,Marc Brian Ortego Bangoy
/player/C36A90FE-DFA8-414B-A8B6-F2BCF6B9B8BD/chengster,William Cheng
/player/Lawrence Leung,Lawrence Leung
/player/C36A90FE-DFA8-414B-A8B6-F2BCF6B9B8BD/010111047,Noel Carino
/player/Daniel Gouw,Daniel Gouw
/player/C36A90FE-DFA8-414B-A8B6-F2BCF6B9B8BD/Yukari naono,Yukari Naono
/player/C36A90FE-DFA8-414B-A8B6-F2BCF6B9B8BD/blockheads,Jie Liang
/player/C36A90FE-DFA8-414B-A8B6-F2BCF6B9B8BD/102989,Lenny Luan Than
/player/C36A90FE-DFA8-414B-A8B6-F2BCF6B9B8BD/071792,Tammy Vu
/player/K D Moon,K D Moon
/player/C36A90FE-DFA8-414B-A8B6-F2BCF6B9B8BD/01509110,Phong Le
/player/C36A90FE-DFA8-414B-A8B6-F2BCF6B9B8BD/SDBadminton,Thong Yang
