/player/C36A90FE-DFA8-414B-A8B6-F2BCF6B9B8BD/kmangiants,Kshitij Mehta
/player/C36A90FE-DFA8-414B-A8B6-F2BCF6B9B8BD/E201605099739605,Phil Chiem
/player/C36A90FE-DFA8-414B-A8B6-F2BCF6B9B8BD/Bintang,Cote Feldsine
/player/C36A90FE-DFA8-414B-A8B6-F2BCF6B9B8BD/LOL,Sydney Samol
/player/Trevor Justin Yeh,Trevor Justin Yeh
/player/C36A90FE-DFA8-414B-A8B6-F2BCF6B9B8BD/XX10419492,Hin Shun Edgar Lee
/player/C36A90FE-DFA8-414B-A8B6-F2BCF6B9B8BD/XX10426815,Abhilash Gowda
/player/C36A90FE-DFA8-414B-A8B6-F2BCF6B9B8BD/USAB,Jerry Liu
/player/Nelvin Lo,Nelvin Lo
/player/C36A90FE-DFA8-414B-A8B6-F2BCF6B9B8BD/1018614,James Pflaging
/player/C36A90FE-DFA8-414B-A8B6-F2BCF6B9B8BD/42013059,Khang Duy Nguyen
/player/Fengjiang Li,Fengjiang Li
/player/C36A90FE-DFA8-414B-A8B6-F2BCF6B9B8BD/XX10419977,James Huynh
/player/C36A90FE-DFA8-414B-A8B6-F2BCF6B9B8BD/XX10417284,Anh Phuoc Nguyen
/player/C36A90FE-DFA8-414B-A8B6-F2BCF6B9B8BD/123456789123456789,Huy Nguyen
/player/C36A90FE-DFA8-414B-A8B6-F2BCF6B9B8BD/XX10426778,Siddharth Kotapati
/player/C36A90FE-DFA8-414B-A8B6-F2BCF6B9B8BD/004121482,Richard Fleming
/player/C36A90FE-DFA8-414B-A8B6-F2BCF6B9B8BD/XX10419826,Kenneth De Leon
/player/Daniel Bi,Daniel Bi
/player/C36A90FE-DFA8-414B-A8B6-F2BCF6B9B8BD/051601,Frank Zhu
/player/C36A90FE-DFA8-414B-A8B6-F2BCF6B9B8BD/XX10423248,David Han
/player/C36A90FE-DFA8-414B-A8B6-F2BCF6B9B8BD/XX10426484,Naveen Kumar Gundu
/player/C36A90FE-DFA8-414B-A8B6-F2BCF6B9B8BD/7465969,Tony Hong
/player/C36A90FE-DFA8-414B-A8B6-F2BCF6B9B8BD/XX10425220,Cheawoon Shin
/player/C36A90FE-DFA8-414B-A8B6-F2BCF6B9B8BD/4401129,Derrick Kai Long
/player/C36A90FE-DFA8-414B-A8B6-F2BCF6B9B8BD/987654321987654321,Johnny Vu
/player/C36A90FE-DFA8-414B-A8B6-F2BCF6B9B8BD/111,Lev Polonsky
/player/C36A90FE-DFA8-414B-A8B6-F2BCF6B9B8BD/XX10419584,Tyler Yeh
/player/C36A90FE-DFA8-414B-A8B6-F2BCF6B9B8BD/2035502,Ken Zhu
/player/C36A90FE-DFA8-414B-A8B6-F2BCF6B9B8BD/2032708,Marc Rusli
/player/C36A90FE-DFA8-414B-A8B6-F2BCF6B9B8BD/XX10418435,Allen Angeles Del Mundo
/player/C36A90FE-DFA8-414B-A8B6-F2BCF6B9B8BD/NONEEEEEEEEEEEEEEEEE,Alex Trinh
/player/C36A90FE-DFA8-414B-A8B6-F2BCF6B9B8BD/5883458834,Josue Daniel Camargo
/player/C36A90FE-DFA8-414B-A8B6-F2BCF6B9B8BD/XX10419800,Carter Tong
/player/C36A90FE-DFA8-414B-A8B6-F2BCF6B9B8BD/XX10416983,Minh Nhat Tran
/player/C36A90FE-DFA8-414B-A8B6-F2BCF6B9B8BD/1018380,Alex King
/player/C36A90FE-DFA8-414B-A8B6-F2BCF6B9B8BD/XX10415075,Kenneth Chan
/player/C36A90FE-DFA8-414B-A8B6-F2BCF6B9B8BD/987654321,Nghia (Peter) Thanh Nguyen
/player/C36A90FE-DFA8-414B-A8B6-F2BCF6B9B8BD/ilikecheese,Julius Kyi Lo
/player/C36A90FE-DFA8-414B-A8B6-F2BCF6B9B8BD/XX10426834,Akshaya Ambily Ajan
/player/C36A90FE-DFA8-414B-A8B6-F2BCF6B9B8BD/none,Ngoc Truong
/player/C36A90FE-DFA8-414B-A8B6-F2BCF6B9B8BD/2035277,Joanne Chan
/player/C36A90FE-DFA8-414B-A8B6-F2BCF6B9B8BD/48017,Zoe Lu
/player/C36A90FE-DFA8-414B-A8B6-F2BCF6B9B8BD/XX10415699,Cheryl Cai
/player/C36A90FE-DFA8-414B-A8B6-F2BCF6B9B8BD/47326,Amber Low
/player/C36A90FE-DFA8-414B-A8B6-F2BCF6B9B8BD/aa850705,Sylvia Lin
/player/C36A90FE-DFA8-414B-A8B6-F2BCF6B9B8BD/XX10420039,Rachel Lin
/player/C36A90FE-DFA8-414B-A8B6-F2BCF6B9B8BD/Xx601,Alisa Phung
/player/C36A90FE-DFA8-414B-A8B6-F2BCF6B9B8BD/47593,Trisha Bhongir
/player/C36A90FE-DFA8-414B-A8B6-F2BCF6B9B8BD/XX10415384,Natasha Yen
/player/C36A90FE-DFA8-414B-A8B6-F2BCF6B9B8BD/XX10419950,Anh N.P Pham
/player/C36A90FE-DFA8-414B-A8B6-F2BCF6B9B8BD/xx6933552,Gianna Stiglich
/player/C36A90FE-DFA8-414B-A8B6-F2BCF6B9B8BD/XX10418592,Aditi Rai
/player/C36A90FE-DFA8-414B-A8B6-F2BCF6B9B8BD/XX10416484,Johnjo Riguera
/player/C36A90FE-DFA8-414B-A8B6-F2BCF6B9B8BD/401651,Cadmus Yeo
/player/C36A90FE-DFA8-414B-A8B6-F2BCF6B9B8BD/IID01468851,Rasmus Janmyr
/player/C36A90FE-DFA8-414B-A8B6-F2BCF6B9B8BD/XX10425226,Akilesh NA Praveen
/player/C36A90FE-DFA8-414B-A8B6-F2BCF6B9B8BD/XX10421116,Neha Bhongir
/player/Ryan Suwito,Ryan Suwito
/player/Timothy Yung,Timothy Yung
/player/C36A90FE-DFA8-414B-A8B6-F2BCF6B9B8BD/XX10426617,Pushpak Vasanth r Arja
/player/C36A90FE-DFA8-414B-A8B6-F2BCF6B9B8BD/32462134,Allen Ng
/player/C36A90FE-DFA8-414B-A8B6-F2BCF6B9B8BD/XX10420021,Stanley Ooi
/player/C36A90FE-DFA8-414B-A8B6-F2BCF6B9B8BD/011340030,Xuefei Yu
/player/C36A90FE-DFA8-414B-A8B6-F2BCF6B9B8BD/88888888,Tim Hoang
/player/C36A90FE-DFA8-414B-A8B6-F2BCF6B9B8BD/idk,Larry Qu
/player/C36A90FE-DFA8-414B-A8B6-F2BCF6B9B8BD/XX10426018,Curtis Jingwen Luu
/player/C36A90FE-DFA8-414B-A8B6-F2BCF6B9B8BD/2034311,Cj Cullen
/player/C36A90FE-DFA8-414B-A8B6-F2BCF6B9B8BD/XX10425196,Janet Dang
/player/C36A90FE-DFA8-414B-A8B6-F2BCF6B9B8BD/130123,Nithya Rajan
/player/C36A90FE-DFA8-414B-A8B6-F2BCF6B9B8BD/Michelle Trieu,Michelle Trieu
/player/C36A90FE-DFA8-414B-A8B6-F2BCF6B9B8BD/XX10426001,Kenny Yaowen Luu
/player/C36A90FE-DFA8-414B-A8B6-F2BCF6B9B8BD/XX10426606,Collette QD Shu
/player/C36A90FE-DFA8-414B-A8B6-F2BCF6B9B8BD/XX10426600,Aditi Keshav Kamble
/player/C36A90FE-DFA8-414B-A8B6-F2BCF6B9B8BD/XX10419691,Bin Cheng
/player/C36A90FE-DFA8-414B-A8B6-F2BCF6B9B8BD/XX10420046,Anika Sumush
/player/C36A90FE-DFA8-414B-A8B6-F2BCF6B9B8BD/XX10426757,Stephanie Guo
/player/C36A90FE-DFA8-414B-A8B6-F2BCF6B9B8BD/401458,Bryce Kan
/player/C36A90FE-DFA8-414B-A8B6-F2BCF6B9B8BD/XX10419732,Eddy Shin
/player/Vicky Hoang,Vicky Hoang
/player/C36A90FE-DFA8-414B-A8B6-F2BCF6B9B8BD/400549,Darren Chungda Yang
/player/C36A90FE-DFA8-414B-A8B6-F2BCF6B9B8BD/2515434611522,Gumaro Diaz
/player/C36A90FE-DFA8-414B-A8B6-F2BCF6B9B8BD/011102689,Zhizhen Zhou
/player/C36A90FE-DFA8-414B-A8B6-F2BCF6B9B8BD/12082953,Leilani Xinyue Lu
/player/C36A90FE-DFA8-414B-A8B6-F2BCF6B9B8BD/5103660464,Thomas Wong
/player/C36A90FE-DFA8-414B-A8B6-F2BCF6B9B8BD/XX10413644,Helen Wong
/player/C36A90FE-DFA8-414B-A8B6-F2BCF6B9B8BD/XX10420032,Richard Ting
/player/C36A90FE-DFA8-414B-A8B6-F2BCF6B9B8BD/XX10420038,Dong-Quynh Trinh
/player/C36A90FE-DFA8-414B-A8B6-F2BCF6B9B8BD/69696969696969696969,Vannie Boy
/player/C36A90FE-DFA8-414B-A8B6-F2BCF6B9B8BD/XX10417336,Jing Jing Huang
/player/C36A90FE-DFA8-414B-A8B6-F2BCF6B9B8BD/XX9973946,Kayleen Chin
/player/C36A90FE-DFA8-414B-A8B6-F2BCF6B9B8BD/042599,Mindy Tran Dinh
/player/C36A90FE-DFA8-414B-A8B6-F2BCF6B9B8BD/XX10419975,Michelle Wu
/player/C36A90FE-DFA8-414B-A8B6-F2BCF6B9B8BD/2034507,Regita Tangke Soetandar
/player/C36A90FE-DFA8-414B-A8B6-F2BCF6B9B8BD/XX10419729,Angelica Dominique Muyrong
/player/C36A90FE-DFA8-414B-A8B6-F2BCF6B9B8BD/400002,Serge Blanchet
/player/C36A90FE-DFA8-414B-A8B6-F2BCF6B9B8BD/55210,Kyle Jordan Emerick
/player/C36A90FE-DFA8-414B-A8B6-F2BCF6B9B8BD/Andres Ip,Andres Ip
/player/C36A90FE-DFA8-414B-A8B6-F2BCF6B9B8BD/N/A,Stacey Chang
/player/C36A90FE-DFA8-414B-A8B6-F2BCF6B9B8BD/XX10417327,Thinh (TL) Nguyen
/player/Lillian Cheng,Lillian Cheng
/player/C36A90FE-DFA8-414B-A8B6-F2BCF6B9B8BD/XX5535685,Ronald Koko
/player/C36A90FE-DFA8-414B-A8B6-F2BCF6B9B8BD/824,Georgina Tse
/player/C36A90FE-DFA8-414B-A8B6-F2BCF6B9B8BD/400545,Eric You
/player/C36A90FE-DFA8-414B-A8B6-F2BCF6B9B8BD/2032721,Isabelle Rusli
/player/C36A90FE-DFA8-414B-A8B6-F2BCF6B9B8BD/1018531,Ankit Chhikara
/player/C36A90FE-DFA8-414B-A8B6-F2BCF6B9B8BD/XX10420024,Surabhi Kadam
/player/C36A90FE-DFA8-414B-A8B6-F2BCF6B9B8BD/xx6933551,Flavia Stiglich
/player/C36A90FE-DFA8-414B-A8B6-F2BCF6B9B8BD/XX10419513,Ken Tan
/player/C36A90FE-DFA8-414B-A8B6-F2BCF6B9B8BD/iSmash,Nancy Mei
/player/C36A90FE-DFA8-414B-A8B6-F2BCF6B9B8BD/XX10418484,Deric Wenbin Chen
/player/C36A90FE-DFA8-414B-A8B6-F2BCF6B9B8BD/47490,Michael Van Sam
/player/C36A90FE-DFA8-414B-A8B6-F2BCF6B9B8BD/XX10413637,Jonah Jane Lontok
/player/C36A90FE-DFA8-414B-A8B6-F2BCF6B9B8BD/dorketwee,Twee Phan
/player/C36A90FE-DFA8-414B-A8B6-F2BCF6B9B8BD/XX10420001,Long tieu Chung
/player/C36A90FE-DFA8-414B-A8B6-F2BCF6B9B8BD/2035412,Fiona Lai
/player/C36A90FE-DFA8-414B-A8B6-F2BCF6B9B8BD/XX10419895,Nathan Cheung
/player/C36A90FE-DFA8-414B-A8B6-F2BCF6B9B8BD/XX10419452,Jessica Choi
/player/C36A90FE-DFA8-414B-A8B6-F2BCF6B9B8BD/Sushi,Tony Lau
/player/C36A90FE-DFA8-414B-A8B6-F2BCF6B9B8BD/401128,Danae Long
/player/C36A90FE-DFA8-414B-A8B6-F2BCF6B9B8BD/XX10426763,Trisha T Nguyen
/player/C36A90FE-DFA8-414B-A8B6-F2BCF6B9B8BD/10015861,Megan Hsiao
/player/C36A90FE-DFA8-414B-A8B6-F2BCF6B9B8BD/010467054,Yucheng Lin
/player/C36A90FE-DFA8-414B-A8B6-F2BCF6B9B8BD/010470525,Xinxin Jin
/player/C36A90FE-DFA8-414B-A8B6-F2BCF6B9B8BD/486129,Akash Anavarathan
/player/C36A90FE-DFA8-414B-A8B6-F2BCF6B9B8BD/12158991,Ivee Lee
/player/C36A90FE-DFA8-414B-A8B6-F2BCF6B9B8BD/12345,Kevin Kong
/player/C36A90FE-DFA8-414B-A8B6-F2BCF6B9B8BD/XX10417227,Sydney Lim
/player/C36A90FE-DFA8-414B-A8B6-F2BCF6B9B8BD/400965,Daphne Ng
/player/C36A90FE-DFA8-414B-A8B6-F2BCF6B9B8BD/800000,Lydia Li
/player/C36A90FE-DFA8-414B-A8B6-F2BCF6B9B8BD/123,Elita Trianda Murtanu
/player/C36A90FE-DFA8-414B-A8B6-F2BCF6B9B8BD/XX10418023,Luke Bao Trinh
/player/C36A90FE-DFA8-414B-A8B6-F2BCF6B9B8BD/11111111,Zifeng a Zhao
/player/C36A90FE-DFA8-414B-A8B6-F2BCF6B9B8BD/Silvercreek,Luc Bui
/player/C36A90FE-DFA8-414B-A8B6-F2BCF6B9B8BD/Peterrxb,Peter Ebersole
/player/C36A90FE-DFA8-414B-A8B6-F2BCF6B9B8BD/XX10419716,Pranav . Annapareddi
/player/C36A90FE-DFA8-414B-A8B6-F2BCF6B9B8BD/XX10419718,Yiu Tong Shing
/player/C36A90FE-DFA8-414B-A8B6-F2BCF6B9B8BD/5103628705,Jason Xuan Nguyen
/player/Edward Phan,Edward Phan
/player/C36A90FE-DFA8-414B-A8B6-F2BCF6B9B8BD/010915359,Shunjian Li
/player/C36A90FE-DFA8-414B-A8B6-F2BCF6B9B8BD/420,Bendon Long Tran
/player/C36A90FE-DFA8-414B-A8B6-F2BCF6B9B8BD/1516,Jiahao Jiang
/player/C36A90FE-DFA8-414B-A8B6-F2BCF6B9B8BD/1515,Vi Nhan
/player/C36A90FE-DFA8-414B-A8B6-F2BCF6B9B8BD/8517,Raymond Sha
/player/C36A90FE-DFA8-414B-A8B6-F2BCF6B9B8BD/Edward Xia,Edward Xiaoyu Xia
/player/C36A90FE-DFA8-414B-A8B6-F2BCF6B9B8BD/ntvn,Nghia Van-Trong Nguyen
/player/C36A90FE-DFA8-414B-A8B6-F2BCF6B9B8BD/69abc,Nijo Sheng Jia Tan
/player/C36A90FE-DFA8-414B-A8B6-F2BCF6B9B8BD/XX10413695,Zachary George Miller
/player/C36A90FE-DFA8-414B-A8B6-F2BCF6B9B8BD/XX10413689,Sam Ryan Rispoli
/player/C36A90FE-DFA8-414B-A8B6-F2BCF6B9B8BD/Long Le,Long Kim Le
/player/C36A90FE-DFA8-414B-A8B6-F2BCF6B9B8BD/XX10418394,Thinh (Longhorns) Nguyen
/player/C36A90FE-DFA8-414B-A8B6-F2BCF6B9B8BD/009772139,Daniel Wong
/player/C36A90FE-DFA8-414B-A8B6-F2BCF6B9B8BD/XX10417251,Milton Lee
/player/C36A90FE-DFA8-414B-A8B6-F2BCF6B9B8BD/2034585,Ryan Wong
/player/C36A90FE-DFA8-414B-A8B6-F2BCF6B9B8BD/XX10420042,Bill Feng
/player/C36A90FE-DFA8-414B-A8B6-F2BCF6B9B8BD/XX10424907,Junming Li
/player/C36A90FE-DFA8-414B-A8B6-F2BCF6B9B8BD/XX10422727,Eric Ting
/player/C36A90FE-DFA8-414B-A8B6-F2BCF6B9B8BD/10111981,Dhanendaran Palanisamy
/player/C36A90FE-DFA8-414B-A8B6-F2BCF6B9B8BD/810,Karthikraj Palanisamy
/player/C36A90FE-DFA8-414B-A8B6-F2BCF6B9B8BD/2034181,David zi-chiang Wang
/player/C36A90FE-DFA8-414B-A8B6-F2BCF6B9B8BD/2034066,Dennis Wang
/player/C36A90FE-DFA8-414B-A8B6-F2BCF6B9B8BD/XX10420000,Nam Doan
/player/C36A90FE-DFA8-414B-A8B6-F2BCF6B9B8BD/XX10420019,Pho V Le
/player/C36A90FE-DFA8-414B-A8B6-F2BCF6B9B8BD/Matthew Hsieh,Matthew K Hsieh
/player/C36A90FE-DFA8-414B-A8B6-F2BCF6B9B8BD/XX10419923,Randy Ouyang
/player/C36A90FE-DFA8-414B-A8B6-F2BCF6B9B8BD/XX10419449,Srikant Mahapatra
/player/C36A90FE-DFA8-414B-A8B6-F2BCF6B9B8BD/UBC,Biswa Ranjan Mohanty
/player/C36A90FE-DFA8-414B-A8B6-F2BCF6B9B8BD/Andrew Nguyen,Andrew H Nguyen
/player/C36A90FE-DFA8-414B-A8B6-F2BCF6B9B8BD/Bintang SSF,Alex Owyang
/player/C36A90FE-DFA8-414B-A8B6-F2BCF6B9B8BD/XX10413808,Justin Pj Lee
/player/C36A90FE-DFA8-414B-A8B6-F2BCF6B9B8BD/XX10419943,Anthony Pun
/player/C36A90FE-DFA8-414B-A8B6-F2BCF6B9B8BD/1018632,Justin Fang
/player/C36A90FE-DFA8-414B-A8B6-F2BCF6B9B8BD/A0987,Jianhua Wu
/player/C36A90FE-DFA8-414B-A8B6-F2BCF6B9B8BD/007123,Ashish Ganesh
/player/C36A90FE-DFA8-414B-A8B6-F2BCF6B9B8BD/0204,Joshua Cali Liang
/player/C36A90FE-DFA8-414B-A8B6-F2BCF6B9B8BD/2992,Danny Mok
/player/C36A90FE-DFA8-414B-A8B6-F2BCF6B9B8BD/2993,Yu Zhang
/player/C36A90FE-DFA8-414B-A8B6-F2BCF6B9B8BD/XX10419401,Samir Bisteni
/player/C36A90FE-DFA8-414B-A8B6-F2BCF6B9B8BD/kamikaze408,Joshua Garcia
/player/C36A90FE-DFA8-414B-A8B6-F2BCF6B9B8BD/turtle1012,Alex Subuyuj
/player/C36A90FE-DFA8-414B-A8B6-F2BCF6B9B8BD/XX10419955,Madi Ng
/player/C36A90FE-DFA8-414B-A8B6-F2BCF6B9B8BD/XX10419949,Loc Nguyen
/player/C36A90FE-DFA8-414B-A8B6-F2BCF6B9B8BD/XX10419894,Wen Wang
/player/C36A90FE-DFA8-414B-A8B6-F2BCF6B9B8BD/XX10419980,Elizabeth Mary Chang
/player/C36A90FE-DFA8-414B-A8B6-F2BCF6B9B8BD/1234567,Farhaan Hirani
/player/C36A90FE-DFA8-414B-A8B6-F2BCF6B9B8BD/kchengli,Katherine Chengli
/player/C36A90FE-DFA8-414B-A8B6-F2BCF6B9B8BD/XX10414793,Shannel Cheung
/player/C36A90FE-DFA8-414B-A8B6-F2BCF6B9B8BD/XX10424403,Vy Le Nguyen
/player/Alec Prasertsanit,Alec Prasertsanit
/player/C36A90FE-DFA8-414B-A8B6-F2BCF6B9B8BD/XX10419647,Alex Chang
/player/C36A90FE-DFA8-414B-A8B6-F2BCF6B9B8BD/XX10421344,Truman Truong
/player/C36A90FE-DFA8-414B-A8B6-F2BCF6B9B8BD/XX10418325,John Han
/player/C36A90FE-DFA8-414B-A8B6-F2BCF6B9B8BD/XX10418286,James Hein
/player/C36A90FE-DFA8-414B-A8B6-F2BCF6B9B8BD/XX10417408,Hien Thanh Phan
/player/C36A90FE-DFA8-414B-A8B6-F2BCF6B9B8BD/iSmash08,Hung Tran
/player/C36A90FE-DFA8-414B-A8B6-F2BCF6B9B8BD/XX10419967,Tiffany Liao
/player/C36A90FE-DFA8-414B-A8B6-F2BCF6B9B8BD/XX10419805,Yu Hsuan Liu
/player/C36A90FE-DFA8-414B-A8B6-F2BCF6B9B8BD/51181,Sabrina Liu
/player/C36A90FE-DFA8-414B-A8B6-F2BCF6B9B8BD/49077,Mei Yi You
/player/C36A90FE-DFA8-414B-A8B6-F2BCF6B9B8BD/0091,Kelly B. Ros
/player/C36A90FE-DFA8-414B-A8B6-F2BCF6B9B8BD/alicehaha,Alice Liu
/player/C36A90FE-DFA8-414B-A8B6-F2BCF6B9B8BD/XX10419606,Jinyan Zhong
/player/C36A90FE-DFA8-414B-A8B6-F2BCF6B9B8BD/13857846498,Fiona Cheung
/player/C36A90FE-DFA8-414B-A8B6-F2BCF6B9B8BD/2035387,Jarold Fiesta Cordero
/player/C36A90FE-DFA8-414B-A8B6-F2BCF6B9B8BD/401714,Timothy Kawan Tong
/player/C36A90FE-DFA8-414B-A8B6-F2BCF6B9B8BD/XX10421237,Ryan Tran
/player/C36A90FE-DFA8-414B-A8B6-F2BCF6B9B8BD/2033463,Mitch Seed
/player/C36A90FE-DFA8-414B-A8B6-F2BCF6B9B8BD/2032926,Calvin Dai
/player/C36A90FE-DFA8-414B-A8B6-F2BCF6B9B8BD/2035069,Andy Lam
/player/C36A90FE-DFA8-414B-A8B6-F2BCF6B9B8BD/2082,Andy Quach
/player/C36A90FE-DFA8-414B-A8B6-F2BCF6B9B8BD/2033738,Bo Bob Zhao
/player/C36A90FE-DFA8-414B-A8B6-F2BCF6B9B8BD/400815,William Cheung
/player/C36A90FE-DFA8-414B-A8B6-F2BCF6B9B8BD/47631,Patricia Tran
