/player/C36A90FE-DFA8-414B-A8B6-F2BCF6B9B8BD/XX9540339,David Tatarski
/player/C36A90FE-DFA8-414B-A8B6-F2BCF6B9B8BD/Spencer,Spencer edward Brownfield
/player/C36A90FE-DFA8-414B-A8B6-F2BCF6B9B8BD/XX9514071,Vincent Luong
/player/C36A90FE-DFA8-414B-A8B6-F2BCF6B9B8BD/123456789123456789,Huy Anh Nguyen
/player/C36A90FE-DFA8-414B-A8B6-F2BCF6B9B8BD/XX9489984,David Chen
/player/C36A90FE-DFA8-414B-A8B6-F2BCF6B9B8BD/antnguyen,An Thanh Nguyen
/player/C36A90FE-DFA8-414B-A8B6-F2BCF6B9B8BD/XX9438046,Lawrence Leung
/player/C36A90FE-DFA8-414B-A8B6-F2BCF6B9B8BD/47375,Primo Mu
/player/C36A90FE-DFA8-414B-A8B6-F2BCF6B9B8BD/987654321987654321,Johnny Vu
/player/C36A90FE-DFA8-414B-A8B6-F2BCF6B9B8BD/004121482,Richard Fleming
/player/C36A90FE-DFA8-414B-A8B6-F2BCF6B9B8BD/XX9527354,Prestin L Yang
/player/C36A90FE-DFA8-414B-A8B6-F2BCF6B9B8BD/1018199,Martin Mitchel
/player/C36A90FE-DFA8-414B-A8B6-F2BCF6B9B8BD/12075180,Kevin Liu
/player/C36A90FE-DFA8-414B-A8B6-F2BCF6B9B8BD/71617372,Miguel Angel Preciado
/player/C36A90FE-DFA8-414B-A8B6-F2BCF6B9B8BD/XX9480795,Vinh Pham
/player/C36A90FE-DFA8-414B-A8B6-F2BCF6B9B8BD/XX9483504,Andrew Ma
/player/C36A90FE-DFA8-414B-A8B6-F2BCF6B9B8BD/XX9528422,Tou cha Yang
/player/C36A90FE-DFA8-414B-A8B6-F2BCF6B9B8BD/3454,Mason Fujimoto
/player/C36A90FE-DFA8-414B-A8B6-F2BCF6B9B8BD/XX9523516,Percy Jiang
/player/C36A90FE-DFA8-414B-A8B6-F2BCF6B9B8BD/XX9473587,Allen Ng
/player/C36A90FE-DFA8-414B-A8B6-F2BCF6B9B8BD/4401129,Derrick Kai Long
/player/Fengjiang Li,Fengjiang Li
/player/C36A90FE-DFA8-414B-A8B6-F2BCF6B9B8BD/5883458834,Josue Daniel Camargo
/player/C36A90FE-DFA8-414B-A8B6-F2BCF6B9B8BD/009987549,Nithin Reddy Gaddam
/player/C36A90FE-DFA8-414B-A8B6-F2BCF6B9B8BD/XX9514519,Jon Jong
/player/Daniel Bi,Daniel Bi
/player/C36A90FE-DFA8-414B-A8B6-F2BCF6B9B8BD/XX9533464,Arya Masagung
/player/C36A90FE-DFA8-414B-A8B6-F2BCF6B9B8BD/47208,Kha dang Nguyen
/player/C36A90FE-DFA8-414B-A8B6-F2BCF6B9B8BD/XX9483411,Sam Vuong
/player/C36A90FE-DFA8-414B-A8B6-F2BCF6B9B8BD/1337,Joshua Liang
/player/Farhaan Hirani,Farhaan Hirani
/player/Jasmine Lee,Jasmine Lee
/player/C36A90FE-DFA8-414B-A8B6-F2BCF6B9B8BD/800000,Lydia Li
/player/C36A90FE-DFA8-414B-A8B6-F2BCF6B9B8BD/iSmash08,Hung Tran
/player/C36A90FE-DFA8-414B-A8B6-F2BCF6B9B8BD/VMB,Anthony Qiu
/player/C36A90FE-DFA8-414B-A8B6-F2BCF6B9B8BD/XX9528525,Diep Nguyen
/player/C36A90FE-DFA8-414B-A8B6-F2BCF6B9B8BD/XX9528528,Candra Tran
/player/C36A90FE-DFA8-414B-A8B6-F2BCF6B9B8BD/XX9469231,Ashley Liao
/player/C36A90FE-DFA8-414B-A8B6-F2BCF6B9B8BD/47631,Patricia Tran
/player/C36A90FE-DFA8-414B-A8B6-F2BCF6B9B8BD/XX9488237,Aditi Rai
/player/C36A90FE-DFA8-414B-A8B6-F2BCF6B9B8BD/XX9530670,Akanksha Jain
/player/C36A90FE-DFA8-414B-A8B6-F2BCF6B9B8BD/2034181,David zi-chiang Wang
/player/C36A90FE-DFA8-414B-A8B6-F2BCF6B9B8BD/XX9499775,Tommy Chiu
/player/C36A90FE-DFA8-414B-A8B6-F2BCF6B9B8BD/XX9533905,Yu Zhang
/player/C36A90FE-DFA8-414B-A8B6-F2BCF6B9B8BD/XX9531038,Stanley Ooi
/player/C36A90FE-DFA8-414B-A8B6-F2BCF6B9B8BD/XX9528317,Johnjo Riguera
/player/C36A90FE-DFA8-414B-A8B6-F2BCF6B9B8BD/XX9516660,Surya Tatapudi
/player/Saneesh Nambiadan,Saneesh Nambiadan
/player/C36A90FE-DFA8-414B-A8B6-F2BCF6B9B8BD/XX9528161,Lucy Lor
/player/C36A90FE-DFA8-414B-A8B6-F2BCF6B9B8BD/009417330,Krupali Piyushkuma Shah
/player/C36A90FE-DFA8-414B-A8B6-F2BCF6B9B8BD/XX9514058,Gillian Xu
/player/C36A90FE-DFA8-414B-A8B6-F2BCF6B9B8BD/VMB1,Leo Guo
/player/C36A90FE-DFA8-414B-A8B6-F2BCF6B9B8BD/XX9534157,Sonya Chiang
/player/C36A90FE-DFA8-414B-A8B6-F2BCF6B9B8BD/XX9525830,Vila Chaiyasith
/player/C36A90FE-DFA8-414B-A8B6-F2BCF6B9B8BD/XX9525836,Teresa Nguyen
/player/C36A90FE-DFA8-414B-A8B6-F2BCF6B9B8BD/2034311,Cj Cullen
/player/C36A90FE-DFA8-414B-A8B6-F2BCF6B9B8BD/XX9511486,Dong-Quynh Trinh
/player/C36A90FE-DFA8-414B-A8B6-F2BCF6B9B8BD/XX9533429,Kien Nguyen
/player/C36A90FE-DFA8-414B-A8B6-F2BCF6B9B8BD/XX9520775,Michelle Cheah
/player/C36A90FE-DFA8-414B-A8B6-F2BCF6B9B8BD/XX9457181,Rachel Sun
/player/Anthonela Zegarra,Anthonela Zegarra
/player/C36A90FE-DFA8-414B-A8B6-F2BCF6B9B8BD/XX9498590,Eri Michelle Kitagawa
/player/C36A90FE-DFA8-414B-A8B6-F2BCF6B9B8BD/XX9514983,Jennifer Le
/player/C36A90FE-DFA8-414B-A8B6-F2BCF6B9B8BD/XX9509157,Henry Lwin
/player/C36A90FE-DFA8-414B-A8B6-F2BCF6B9B8BD/XX9509158,Amanda Lee
/player/C36A90FE-DFA8-414B-A8B6-F2BCF6B9B8BD/What is this?,Jimmy Nguyen
/player/C36A90FE-DFA8-414B-A8B6-F2BCF6B9B8BD/XX9504457,Nancy Liu
/player/C36A90FE-DFA8-414B-A8B6-F2BCF6B9B8BD/XX9540250,Jody Wong
/player/C36A90FE-DFA8-414B-A8B6-F2BCF6B9B8BD/XX9514319,Derrick Cheung
/player/C36A90FE-DFA8-414B-A8B6-F2BCF6B9B8BD/XX9519124,Mei Yi You
/player/C36A90FE-DFA8-414B-A8B6-F2BCF6B9B8BD/XX9523574,Desmond Tae Yang Hung
/player/C36A90FE-DFA8-414B-A8B6-F2BCF6B9B8BD/XX9528293,Ranga Burada
/player/C36A90FE-DFA8-414B-A8B6-F2BCF6B9B8BD/400002,Serge Blanchet
/player/C36A90FE-DFA8-414B-A8B6-F2BCF6B9B8BD/2814,Danice Long
/player/C36A90FE-DFA8-414B-A8B6-F2BCF6B9B8BD/Matthew Hsieh,Matthew K Hsieh
/player/C36A90FE-DFA8-414B-A8B6-F2BCF6B9B8BD/XX9538044,Trisha T Nguyen
/player/C36A90FE-DFA8-414B-A8B6-F2BCF6B9B8BD/10015861,Megan Hsiao
/player/C36A90FE-DFA8-414B-A8B6-F2BCF6B9B8BD/2033985,Tri Tran
/player/C36A90FE-DFA8-414B-A8B6-F2BCF6B9B8BD/XX9466633,Cathy Luong
/player/C36A90FE-DFA8-414B-A8B6-F2BCF6B9B8BD/XX9539894,Peter Kimlong Chu
/player/C36A90FE-DFA8-414B-A8B6-F2BCF6B9B8BD/17707,Jenno E. Bernal
/player/C36A90FE-DFA8-414B-A8B6-F2BCF6B9B8BD/XX9528467,Eddy Shin
/player/C36A90FE-DFA8-414B-A8B6-F2BCF6B9B8BD/463,Jordy Supandi
/player/C36A90FE-DFA8-414B-A8B6-F2BCF6B9B8BD/dorketwee,Twee Phan
/player/C36A90FE-DFA8-414B-A8B6-F2BCF6B9B8BD/69696969696969696969,Vannie Boy
/player/C36A90FE-DFA8-414B-A8B6-F2BCF6B9B8BD/401128,Danae Long
/player/C36A90FE-DFA8-414B-A8B6-F2BCF6B9B8BD/XX9523475,Ankit Chhikara
/player/C36A90FE-DFA8-414B-A8B6-F2BCF6B9B8BD/401352,Breanna Kaite Chi
/player/C36A90FE-DFA8-414B-A8B6-F2BCF6B9B8BD/none,Caleb Hsieh
/player/C36A90FE-DFA8-414B-A8B6-F2BCF6B9B8BD/XX9491632,Elita Trianda Murtanu
/player/C36A90FE-DFA8-414B-A8B6-F2BCF6B9B8BD/XX9516513,Kelly B. Ros
/player/C36A90FE-DFA8-414B-A8B6-F2BCF6B9B8BD/SBC100001,Jarold Fiesta Cordero
/player/C36A90FE-DFA8-414B-A8B6-F2BCF6B9B8BD/SBC100009,Heidi Chen
/player/C36A90FE-DFA8-414B-A8B6-F2BCF6B9B8BD/XX9459182,Stanley Huang
/player/C36A90FE-DFA8-414B-A8B6-F2BCF6B9B8BD/XX9440376,Jonathan Lin
/player/C36A90FE-DFA8-414B-A8B6-F2BCF6B9B8BD/XX9530891,Matthew Au
/player/C36A90FE-DFA8-414B-A8B6-F2BCF6B9B8BD/XX9528023,Kent Yoeung
/player/C36A90FE-DFA8-414B-A8B6-F2BCF6B9B8BD/XX9530776,Gloria yooyoung Ku
/player/C36A90FE-DFA8-414B-A8B6-F2BCF6B9B8BD/XX9538942,Lisha Lee
/player/C36A90FE-DFA8-414B-A8B6-F2BCF6B9B8BD/XX9525833,Yu Hsuan Liu
/player/C36A90FE-DFA8-414B-A8B6-F2BCF6B9B8BD/XX9528199,Ivee Lee
/player/C36A90FE-DFA8-414B-A8B6-F2BCF6B9B8BD/XX9525841,Panyue Liao
/player/C36A90FE-DFA8-414B-A8B6-F2BCF6B9B8BD/XX9534640,Yilin Shangguan
/player/C36A90FE-DFA8-414B-A8B6-F2BCF6B9B8BD/XX9440503,Xi Huang
/player/Royce Yang,Royce Yang
/player/C36A90FE-DFA8-414B-A8B6-F2BCF6B9B8BD/XX9480449,Daryl Carpio
/player/C36A90FE-DFA8-414B-A8B6-F2BCF6B9B8BD/XX9480445,John Park
/player/C36A90FE-DFA8-414B-A8B6-F2BCF6B9B8BD/XX9490123,Kevin Xin Yu Su
/player/C36A90FE-DFA8-414B-A8B6-F2BCF6B9B8BD/XX9528473,Sota Abe
/player/C36A90FE-DFA8-414B-A8B6-F2BCF6B9B8BD/XX9528461,Kevin Leong
/player/C36A90FE-DFA8-414B-A8B6-F2BCF6B9B8BD/XX9533790,Dang Trinh
/player/C36A90FE-DFA8-414B-A8B6-F2BCF6B9B8BD/XX9533865,Luke Bao Trinh
/player/Harleen Kaur,Harleen Kaur
/player/C36A90FE-DFA8-414B-A8B6-F2BCF6B9B8BD/XX9469214,Nicky Nguyen
/player/C36A90FE-DFA8-414B-A8B6-F2BCF6B9B8BD/XX9533898,Danny Mok
/player/C36A90FE-DFA8-414B-A8B6-F2BCF6B9B8BD/519230857,Timothy Z Lo
/player/C36A90FE-DFA8-414B-A8B6-F2BCF6B9B8BD/XX9527907,Randy Ouyang
/player/C36A90FE-DFA8-414B-A8B6-F2BCF6B9B8BD/XX9537847,Eric Ting
/player/C36A90FE-DFA8-414B-A8B6-F2BCF6B9B8BD/XX9537605,Richard Ting
/player/C36A90FE-DFA8-414B-A8B6-F2BCF6B9B8BD/1018632,Justin Jiayu Fang
/player/C36A90FE-DFA8-414B-A8B6-F2BCF6B9B8BD/XX9528507,Jerry Wu
/player/C36A90FE-DFA8-414B-A8B6-F2BCF6B9B8BD/XX9528436,Vanessa J Nazareno
/player/C36A90FE-DFA8-414B-A8B6-F2BCF6B9B8BD/XX9537509,Tiffany Chung
/player/C36A90FE-DFA8-414B-A8B6-F2BCF6B9B8BD/XX9537544,Vicky Liu
/player/C36A90FE-DFA8-414B-A8B6-F2BCF6B9B8BD/XX9528472,Sharmaine Torcuator
/player/C36A90FE-DFA8-414B-A8B6-F2BCF6B9B8BD/cindythe3,Cindy Ha
/player/C36A90FE-DFA8-414B-A8B6-F2BCF6B9B8BD/zejulie3,Julie Ha
/player/C36A90FE-DFA8-414B-A8B6-F2BCF6B9B8BD/XX9530828,Loc My Nguyen
/player/C36A90FE-DFA8-414B-A8B6-F2BCF6B9B8BD/XX9528178,Michelle Renee Rivera
/player/C36A90FE-DFA8-414B-A8B6-F2BCF6B9B8BD/XX9523492,Bill Feng
/player/C36A90FE-DFA8-414B-A8B6-F2BCF6B9B8BD/XX9509121,Milton Lee
/player/C36A90FE-DFA8-414B-A8B6-F2BCF6B9B8BD/098,Chris Lam
/player/C36A90FE-DFA8-414B-A8B6-F2BCF6B9B8BD/123,Zifeng a Zhao
/player/C36A90FE-DFA8-414B-A8B6-F2BCF6B9B8BD/XX9523504,Vi Dang
/player/C36A90FE-DFA8-414B-A8B6-F2BCF6B9B8BD/XX9528410,Kayla Tran
/player/C36A90FE-DFA8-414B-A8B6-F2BCF6B9B8BD/XX9540256,Nava Niki Tamjidi
/player/C36A90FE-DFA8-414B-A8B6-F2BCF6B9B8BD/XX9540245,Elina Xie
/player/C36A90FE-DFA8-414B-A8B6-F2BCF6B9B8BD/XX9534439,Samir Bisteni
/player/C36A90FE-DFA8-414B-A8B6-F2BCF6B9B8BD/XX9520787,Justin Pj Lee
/player/C36A90FE-DFA8-414B-A8B6-F2BCF6B9B8BD/XX9520696,Sabrina Liu
/player/Alec Prasertsanit,Alec Prasertsanit
/player/C36A90FE-DFA8-414B-A8B6-F2BCF6B9B8BD/XX9528202,Joshua Dao
/player/C36A90FE-DFA8-414B-A8B6-F2BCF6B9B8BD/XX9528403,Andres Ip
/player/C36A90FE-DFA8-414B-A8B6-F2BCF6B9B8BD/XX9451690,Rain Chang
/player/C36A90FE-DFA8-414B-A8B6-F2BCF6B9B8BD/XX9455113,Carlos Mochachos
/player/Amy Ha,Amy Ha
/player/C36A90FE-DFA8-414B-A8B6-F2BCF6B9B8BD/Hon Wai Chan,Steven Chan
/player/Peter Wu,Peter Wu
/player/C36A90FE-DFA8-414B-A8B6-F2BCF6B9B8BD/XX9540324,Andrew Santos
/player/C36A90FE-DFA8-414B-A8B6-F2BCF6B9B8BD/XX9525105,Henry F Wong
/player/C36A90FE-DFA8-414B-A8B6-F2BCF6B9B8BD/XX9540344,Robby Deaver
/player/C36A90FE-DFA8-414B-A8B6-F2BCF6B9B8BD/XX9540356,Duy Nguyen
/player/Mitch Seed,Mitch Seed
/player/Flavia Stiglich,Flavia Stiglich
/player/Stephen Chiu,Stephen Chiu
/player/C36A90FE-DFA8-414B-A8B6-F2BCF6B9B8BD/401015,Calvin Lin
/player/C36A90FE-DFA8-414B-A8B6-F2BCF6B9B8BD/192,Venugopal Malyala
/player/C36A90FE-DFA8-414B-A8B6-F2BCF6B9B8BD/XX9493961,Gumaro DÃ­az
/player/C36A90FE-DFA8-414B-A8B6-F2BCF6B9B8BD/2082,Andy Quach
/player/C36A90FE-DFA8-414B-A8B6-F2BCF6B9B8BD/XX5535685,Ronald Koko
/player/C36A90FE-DFA8-414B-A8B6-F2BCF6B9B8BD/XX9540294,Rithy Pich
