/player/C36A90FE-DFA8-414B-A8B6-F2BCF6B9B8BD/420,Bendon Long Tran
/player/C36A90FE-DFA8-414B-A8B6-F2BCF6B9B8BD/507890,Samson Yuchi Mai
/player/C36A90FE-DFA8-414B-A8B6-F2BCF6B9B8BD/22765VL,Sanjay Malde
/player/C36A90FE-DFA8-414B-A8B6-F2BCF6B9B8BD/E2017103111585357,Dheeraj K Gurusamy
/player/Terrence Lei,Terrence Lei
/player/Tristan Joseph Garcia,Tristan Joseph Garcia
/player/C36A90FE-DFA8-414B-A8B6-F2BCF6B9B8BD/232556,Orlando Himawan
/player/C36A90FE-DFA8-414B-A8B6-F2BCF6B9B8BD/855963231,Deon Labrador
/player/C36A90FE-DFA8-414B-A8B6-F2BCF6B9B8BD/00001,Tidy Zhai
/player/C36A90FE-DFA8-414B-A8B6-F2BCF6B9B8BD/Ryan T,Ryan Tam
/player/C36A90FE-DFA8-414B-A8B6-F2BCF6B9B8BD/jianguo,Jianguo Chen
/player/C36A90FE-DFA8-414B-A8B6-F2BCF6B9B8BD/2414,Duy Ngo
/player/C36A90FE-DFA8-414B-A8B6-F2BCF6B9B8BD/panaaron,Aaron Pan
/player/C36A90FE-DFA8-414B-A8B6-F2BCF6B9B8BD/51485,Min Lin
/player/C36A90FE-DFA8-414B-A8B6-F2BCF6B9B8BD/yoshiki,Yoshiki Shimokawa
/player/C36A90FE-DFA8-414B-A8B6-F2BCF6B9B8BD/IDONTHAVEANUMBER,Aaron G. Sin
/player/C36A90FE-DFA8-414B-A8B6-F2BCF6B9B8BD/16852,Johnny Bispham
/player/C36A90FE-DFA8-414B-A8B6-F2BCF6B9B8BD/2035523,Thanik Bharani
/player/C36A90FE-DFA8-414B-A8B6-F2BCF6B9B8BD/1018924,Eshwar Sathwik Nemani
/player/C36A90FE-DFA8-414B-A8B6-F2BCF6B9B8BD/XX11661475,Edward Phan
/player/C36A90FE-DFA8-414B-A8B6-F2BCF6B9B8BD/jonjong1212,Jon Jong
/player/C36A90FE-DFA8-414B-A8B6-F2BCF6B9B8BD/WilliamLee.exe,William Lee
/player/C36A90FE-DFA8-414B-A8B6-F2BCF6B9B8BD/52616,Hugo Lin
/player/C36A90FE-DFA8-414B-A8B6-F2BCF6B9B8BD/12333,Patrick Xiao
/player/C36A90FE-DFA8-414B-A8B6-F2BCF6B9B8BD/Jacob van Diermen,Jacob Van Diermen
/player/C36A90FE-DFA8-414B-A8B6-F2BCF6B9B8BD/raghk,Kitttu Raghava
/player/C36A90FE-DFA8-414B-A8B6-F2BCF6B9B8BD/1123,Kevin Kwan
/player/C36A90FE-DFA8-414B-A8B6-F2BCF6B9B8BD/2034036,Thompson y y Ma
/player/C36A90FE-DFA8-414B-A8B6-F2BCF6B9B8BD/47660,Samuel Wales Li
/player/C36A90FE-DFA8-414B-A8B6-F2BCF6B9B8BD/2035,Yan Zhang
/player/Bochuan Zhang,Bochuan Zhang
/player/C36A90FE-DFA8-414B-A8B6-F2BCF6B9B8BD/1020387 E,Christopher Yuting Hua
/player/C36A90FE-DFA8-414B-A8B6-F2BCF6B9B8BD/kev123456,Keval Sanjay Malde
/player/C36A90FE-DFA8-414B-A8B6-F2BCF6B9B8BD/01123581321,Tim Xiong
/player/C36A90FE-DFA8-414B-A8B6-F2BCF6B9B8BD/11111,Alexander Mai
/player/C36A90FE-DFA8-414B-A8B6-F2BCF6B9B8BD/1020400,Mikhail Buka
/player/C36A90FE-DFA8-414B-A8B6-F2BCF6B9B8BD/jshih468,Jeffrey Shih
/player/C36A90FE-DFA8-414B-A8B6-F2BCF6B9B8BD/1020038,Tanush Talati
/player/C36A90FE-DFA8-414B-A8B6-F2BCF6B9B8BD/42042042042042042042,Joseph Vo
/player/C36A90FE-DFA8-414B-A8B6-F2BCF6B9B8BD/2034197,Alex Sin
/player/C36A90FE-DFA8-414B-A8B6-F2BCF6B9B8BD/1020390,Christopher Hunter Dam
/player/C36A90FE-DFA8-414B-A8B6-F2BCF6B9B8BD/1018380,Alex King
/player/C36A90FE-DFA8-414B-A8B6-F2BCF6B9B8BD/Roberthe9606,Robert He
/player/C36A90FE-DFA8-414B-A8B6-F2BCF6B9B8BD/69abc,Nijo Sheng Jia Tan
/player/C36A90FE-DFA8-414B-A8B6-F2BCF6B9B8BD/051601,Frank Zhu
/player/C36A90FE-DFA8-414B-A8B6-F2BCF6B9B8BD/1019354,Ronald Sit
/player/C36A90FE-DFA8-414B-A8B6-F2BCF6B9B8BD/1020034,Ishan Vedagiri
/player/C36A90FE-DFA8-414B-A8B6-F2BCF6B9B8BD/1020130,Ruixi Zhang
/player/C36A90FE-DFA8-414B-A8B6-F2BCF6B9B8BD/Guillaume Salva,Guillaume Salva
/player/C36A90FE-DFA8-414B-A8B6-F2BCF6B9B8BD/71616033,Tyler Brennan Diep
/player/C36A90FE-DFA8-414B-A8B6-F2BCF6B9B8BD/Jeffrey Qu,Jeffrey Qu
/player/C36A90FE-DFA8-414B-A8B6-F2BCF6B9B8BD/ChristianM_212,Christian Mendoza Martinez
/player/C36A90FE-DFA8-414B-A8B6-F2BCF6B9B8BD/47653,Daniel Zhou
/player/C36A90FE-DFA8-414B-A8B6-F2BCF6B9B8BD/1018943,Alan Aaron Su
/player/C36A90FE-DFA8-414B-A8B6-F2BCF6B9B8BD/XX11652758,Steven Nguyen
/player/C36A90FE-DFA8-414B-A8B6-F2BCF6B9B8BD/MattElma,Matthew Leoveras Elma
/player/C36A90FE-DFA8-414B-A8B6-F2BCF6B9B8BD/2035080,Caio Li
/player/C36A90FE-DFA8-414B-A8B6-F2BCF6B9B8BD/7465969,Tony Hong
/player/C36A90FE-DFA8-414B-A8B6-F2BCF6B9B8BD/1018471,Jansen Mok
/player/C36A90FE-DFA8-414B-A8B6-F2BCF6B9B8BD/012216347,Sam Vuong
/player/C36A90FE-DFA8-414B-A8B6-F2BCF6B9B8BD/32991,Vinh Pham
/player/C36A90FE-DFA8-414B-A8B6-F2BCF6B9B8BD/XX11657211,Mason Fujimoto
/player/C36A90FE-DFA8-414B-A8B6-F2BCF6B9B8BD/What is this?,Jimmy Nguyen
/player/C36A90FE-DFA8-414B-A8B6-F2BCF6B9B8BD/Spencer,Spencer E Brownfield
/player/C36A90FE-DFA8-414B-A8B6-F2BCF6B9B8BD/519230857,Timothy Z Lo
/player/C36A90FE-DFA8-414B-A8B6-F2BCF6B9B8BD/56911,Sean Michael Cordero
/player/C36A90FE-DFA8-414B-A8B6-F2BCF6B9B8BD/004121482,Richard Fleming
/player/C36A90FE-DFA8-414B-A8B6-F2BCF6B9B8BD/4089412168,Andrew Lu
/player/C36A90FE-DFA8-414B-A8B6-F2BCF6B9B8BD/lucbui10,Luc Bui
/player/C36A90FE-DFA8-414B-A8B6-F2BCF6B9B8BD/88888888,Tim Hoang
/player/C36A90FE-DFA8-414B-A8B6-F2BCF6B9B8BD/022699,Wesley Hung Lam
/player/C36A90FE-DFA8-414B-A8B6-F2BCF6B9B8BD/47388,Benjamin Dictado
/player/C36A90FE-DFA8-414B-A8B6-F2BCF6B9B8BD/47378,Prisha R Bharadwaj
/player/C36A90FE-DFA8-414B-A8B6-F2BCF6B9B8BD/1018248,Bettie Huang
/player/C36A90FE-DFA8-414B-A8B6-F2BCF6B9B8BD/1018240,Summer Trinity Chu
/player/C36A90FE-DFA8-414B-A8B6-F2BCF6B9B8BD/1002516,Prutha Ramaprakas Bharadwaj
/player/C36A90FE-DFA8-414B-A8B6-F2BCF6B9B8BD/47381,Jun Jie (Sam) Lai
/player/C36A90FE-DFA8-414B-A8B6-F2BCF6B9B8BD/3531045,Anthony Ngo
/player/C36A90FE-DFA8-414B-A8B6-F2BCF6B9B8BD/harry961014,Tsz Fung Wong
/player/C36A90FE-DFA8-414B-A8B6-F2BCF6B9B8BD/1018942,Darron Jaden Su
/player/C36A90FE-DFA8-414B-A8B6-F2BCF6B9B8BD/123,Harsha Rohan Rajkumar
/player/C36A90FE-DFA8-414B-A8B6-F2BCF6B9B8BD/2033870,Timothy Ting Hsu
/player/C36A90FE-DFA8-414B-A8B6-F2BCF6B9B8BD/1019416,Bala Natarajan
/player/C36A90FE-DFA8-414B-A8B6-F2BCF6B9B8BD/9093446762,Justin Chan
/player/C36A90FE-DFA8-414B-A8B6-F2BCF6B9B8BD/47408,Akshaya Ambily Ajan
/player/C36A90FE-DFA8-414B-A8B6-F2BCF6B9B8BD/jun09na17,Junna Shimokawa
/player/C36A90FE-DFA8-414B-A8B6-F2BCF6B9B8BD/1018140,Avinash Oumapathy
/player/C36A90FE-DFA8-414B-A8B6-F2BCF6B9B8BD/Matthew Hsieh,Matthew K Hsieh
/player/C36A90FE-DFA8-414B-A8B6-F2BCF6B9B8BD/1019680,Ramaprakash Sathyanarayan
/player/C36A90FE-DFA8-414B-A8B6-F2BCF6B9B8BD/2034552,Sean Chen
/player/C36A90FE-DFA8-414B-A8B6-F2BCF6B9B8BD/00641740,Luke Chen
/player/C36A90FE-DFA8-414B-A8B6-F2BCF6B9B8BD/1018466,Chi Lao
/player/C36A90FE-DFA8-414B-A8B6-F2BCF6B9B8BD/48019,Riya Natarajan
/player/C36A90FE-DFA8-414B-A8B6-F2BCF6B9B8BD/47593,Trisha Bhongir
/player/Gloria Ku,Gloria Ku
/player/C36A90FE-DFA8-414B-A8B6-F2BCF6B9B8BD/144,Steven Yang
/player/C36A90FE-DFA8-414B-A8B6-F2BCF6B9B8BD/1018243,Angie Huang
/player/C36A90FE-DFA8-414B-A8B6-F2BCF6B9B8BD/1020391,Emily Y. Chen
/player/C36A90FE-DFA8-414B-A8B6-F2BCF6B9B8BD/1019568,Chastin Chung
/player/C36A90FE-DFA8-414B-A8B6-F2BCF6B9B8BD/None,Emerald Doan
/player/C36A90FE-DFA8-414B-A8B6-F2BCF6B9B8BD/2836,Kevin Liou
/player/C36A90FE-DFA8-414B-A8B6-F2BCF6B9B8BD/Chazzah97,Alistair Prades
/player/C36A90FE-DFA8-414B-A8B6-F2BCF6B9B8BD/47326,Amber Low
/player/C36A90FE-DFA8-414B-A8B6-F2BCF6B9B8BD/71614052,Sonya Chiang
/player/C36A90FE-DFA8-414B-A8B6-F2BCF6B9B8BD/5543,Bharath Krishnakumar
/player/C36A90FE-DFA8-414B-A8B6-F2BCF6B9B8BD/235224,Terri Chen
/player/C36A90FE-DFA8-414B-A8B6-F2BCF6B9B8BD/Nhan,Nhan Nguyen
/player/C36A90FE-DFA8-414B-A8B6-F2BCF6B9B8BD/0000,Thinh Vo
/player/C36A90FE-DFA8-414B-A8B6-F2BCF6B9B8BD/2855862,Alexander Fang
/player/C36A90FE-DFA8-414B-A8B6-F2BCF6B9B8BD/2880641,Alice Wu
/player/C36A90FE-DFA8-414B-A8B6-F2BCF6B9B8BD/06182001,Jayden Su
/player/C36A90FE-DFA8-414B-A8B6-F2BCF6B9B8BD/08192002,Cody Chen
/player/C36A90FE-DFA8-414B-A8B6-F2BCF6B9B8BD/000,Bryan Xu
/player/C36A90FE-DFA8-414B-A8B6-F2BCF6B9B8BD/121103,Claudia Xu
/player/C36A90FE-DFA8-414B-A8B6-F2BCF6B9B8BD/XX11660616,Serena Vu
/player/C36A90FE-DFA8-414B-A8B6-F2BCF6B9B8BD/MNguyen404,Martin Nguyen
/player/C36A90FE-DFA8-414B-A8B6-F2BCF6B9B8BD/0121004124,Serena Cintien Pu
/player/C36A90FE-DFA8-414B-A8B6-F2BCF6B9B8BD/1018469,Kunal Sunil
/player/C36A90FE-DFA8-414B-A8B6-F2BCF6B9B8BD/1018468,Kyra Sunil
/player/Peter Chu,Peter Chu
/player/C36A90FE-DFA8-414B-A8B6-F2BCF6B9B8BD/jasminelee,Jasmine Lee
/player/C36A90FE-DFA8-414B-A8B6-F2BCF6B9B8BD/varunsharma87,Varun Sharma
/player/C36A90FE-DFA8-414B-A8B6-F2BCF6B9B8BD/CindyC,Cindy Chen
/player/C36A90FE-DFA8-414B-A8B6-F2BCF6B9B8BD/XX11652672,Louie Howard Chow
/player/C36A90FE-DFA8-414B-A8B6-F2BCF6B9B8BD/1018487,Tiffany Lui
/player/C36A90FE-DFA8-414B-A8B6-F2BCF6B9B8BD/UBC,Biswa Ranjan Mohanty
/player/C36A90FE-DFA8-414B-A8B6-F2BCF6B9B8BD/2741,Harleen Kaur
/player/C36A90FE-DFA8-414B-A8B6-F2BCF6B9B8BD/2035253,Caden J Liu
/player/C36A90FE-DFA8-414B-A8B6-F2BCF6B9B8BD/2034035,Edison Y Y Ma
/player/C36A90FE-DFA8-414B-A8B6-F2BCF6B9B8BD/5184344,Sudhanshu Singhal
/player/C36A90FE-DFA8-414B-A8B6-F2BCF6B9B8BD/2034703,Saraj Pirasmepulkul
/player/C36A90FE-DFA8-414B-A8B6-F2BCF6B9B8BD/kmangiants,Kshitij Mehta
/player/C36A90FE-DFA8-414B-A8B6-F2BCF6B9B8BD/31970HZ,Jarold Cordero
/player/C36A90FE-DFA8-414B-A8B6-F2BCF6B9B8BD/2034553,Ryan Phan
/player/C36A90FE-DFA8-414B-A8B6-F2BCF6B9B8BD/MichaelCabebe,Michael Cabebe
/player/C36A90FE-DFA8-414B-A8B6-F2BCF6B9B8BD/2034311,Cj Cullen
/player/Omkar Arvind Lonkar,Omkar Arvind Lonkar
/player/Aliza Truong,Aliza Truong
/player/C36A90FE-DFA8-414B-A8B6-F2BCF6B9B8BD/47589,Audrey Zhu
/player/C36A90FE-DFA8-414B-A8B6-F2BCF6B9B8BD/CBA168,Miles Xu
/player/C36A90FE-DFA8-414B-A8B6-F2BCF6B9B8BD/CBA32,Wendy Wang
/player/C36A90FE-DFA8-414B-A8B6-F2BCF6B9B8BD/Its KT,Kevin Tran
/player/C36A90FE-DFA8-414B-A8B6-F2BCF6B9B8BD/dont have one,Janet Dang
/player/C36A90FE-DFA8-414B-A8B6-F2BCF6B9B8BD/987654321987654321,Johnny Vu
/player/C36A90FE-DFA8-414B-A8B6-F2BCF6B9B8BD/2033093,Carmen Chung
/player/C36A90FE-DFA8-414B-A8B6-F2BCF6B9B8BD/12345678,Hariram Krishnamurthy
/player/C36A90FE-DFA8-414B-A8B6-F2BCF6B9B8BD/53056988,Nicole Chen
/player/C36A90FE-DFA8-414B-A8B6-F2BCF6B9B8BD/401714,Timothy Kawan Tong
/player/C36A90FE-DFA8-414B-A8B6-F2BCF6B9B8BD/2034417,Heidi Wu
/player/C36A90FE-DFA8-414B-A8B6-F2BCF6B9B8BD/6783,Howard Bach
/player/Kelley Yuan,Kelley Yuan
/player/C36A90FE-DFA8-414B-A8B6-F2BCF6B9B8BD/69696969696969696969,Vannie Boy
/player/Danice Long,Danice Long
/player/C36A90FE-DFA8-414B-A8B6-F2BCF6B9B8BD/XX11661347,Byron Li
/player/C36A90FE-DFA8-414B-A8B6-F2BCF6B9B8BD/110812345,Sharie Kwok
/player/C36A90FE-DFA8-414B-A8B6-F2BCF6B9B8BD/987654321,Peter Thanh Nguyen
/player/C36A90FE-DFA8-414B-A8B6-F2BCF6B9B8BD/042599,Mindy Tran Dinh
/player/Danny Bi,Danny Bi
/player/C36A90FE-DFA8-414B-A8B6-F2BCF6B9B8BD/XX11661004,Nicky Nguyen
/player/C36A90FE-DFA8-414B-A8B6-F2BCF6B9B8BD/M-106448,Haiqing Xiao
/player/C36A90FE-DFA8-414B-A8B6-F2BCF6B9B8BD/996688,Serena Long
/player/C36A90FE-DFA8-414B-A8B6-F2BCF6B9B8BD/Bayvietboi,Thai Hoang Luong
/player/C36A90FE-DFA8-414B-A8B6-F2BCF6B9B8BD/bjust_grino,Bianca Frantilla Grino
/player/Katrina Campomanes,Katrina Campomanes
/player/C36A90FE-DFA8-414B-A8B6-F2BCF6B9B8BD/1304135,Boyang Robert Hu
/player/C36A90FE-DFA8-414B-A8B6-F2BCF6B9B8BD/XX11649059,Sandra Maw
/player/C36A90FE-DFA8-414B-A8B6-F2BCF6B9B8BD/delphine.ho,Delphine Ho
/player/C36A90FE-DFA8-414B-A8B6-F2BCF6B9B8BD/XX11657111,Edward Zhang
/player/C36A90FE-DFA8-414B-A8B6-F2BCF6B9B8BD/95148,Loc Nguyen
/player/C36A90FE-DFA8-414B-A8B6-F2BCF6B9B8BD/555,Mandeep S Arora
/player/C36A90FE-DFA8-414B-A8B6-F2BCF6B9B8BD/4931,Heyjin Han
/player/C36A90FE-DFA8-414B-A8B6-F2BCF6B9B8BD/XX11652742,Jinhui Kim
/player/C36A90FE-DFA8-414B-A8B6-F2BCF6B9B8BD/75931,Catherine Nguyen
/player/C36A90FE-DFA8-414B-A8B6-F2BCF6B9B8BD/12088145,Bryan Anh Dang
/player/C36A90FE-DFA8-414B-A8B6-F2BCF6B9B8BD/47668,Kaia To
/player/David Ly,David Ly
/player/Jessie Giang,Jessie Giang
/player/C36A90FE-DFA8-414B-A8B6-F2BCF6B9B8BD/Jennifer Chan,Jennifer Chan
/player/C36A90FE-DFA8-414B-A8B6-F2BCF6B9B8BD/401214,Andrew Ker-Wei Khor
/player/C36A90FE-DFA8-414B-A8B6-F2BCF6B9B8BD/853010,Amy He
/player/C36A90FE-DFA8-414B-A8B6-F2BCF6B9B8BD/11275,Sunil Thomas
/player/C36A90FE-DFA8-414B-A8B6-F2BCF6B9B8BD/1019068,Neha Agarwal
/player/C36A90FE-DFA8-414B-A8B6-F2BCF6B9B8BD/400240,Timothy Lam
/player/C36A90FE-DFA8-414B-A8B6-F2BCF6B9B8BD/2033375,Harshith Rajasekaran
/player/C36A90FE-DFA8-414B-A8B6-F2BCF6B9B8BD/XX11661187,Sylvia Ow-Yang
/player/C36A90FE-DFA8-414B-A8B6-F2BCF6B9B8BD/8367,Evan Dakuan Chen
/player/C36A90FE-DFA8-414B-A8B6-F2BCF6B9B8BD/cokoo,Noreen Lee
/player/C36A90FE-DFA8-414B-A8B6-F2BCF6B9B8BD/420629,Iris Lee
/player/C36A90FE-DFA8-414B-A8B6-F2BCF6B9B8BD/fuxiaofeng,Xiao Lan Zhang
/player/C36A90FE-DFA8-414B-A8B6-F2BCF6B9B8BD/BBC-Member-Eric-Sin,Eric Chung Yui Sin
/player/C36A90FE-DFA8-414B-A8B6-F2BCF6B9B8BD/100987,Tina C Liu
/player/Derrick Long,Derrick Long
/player/Stanley Ooi,Stanley Ooi
/player/C36A90FE-DFA8-414B-A8B6-F2BCF6B9B8BD/Peterrxb,Peter Ebersole
/player/Connor Kirschbaum,Connor Kirschbaum
/player/C36A90FE-DFA8-414B-A8B6-F2BCF6B9B8BD/KN0815,Khoi Nguyen
/player/C36A90FE-DFA8-414B-A8B6-F2BCF6B9B8BD/0504,Adam Hwung
/player/C36A90FE-DFA8-414B-A8B6-F2BCF6B9B8BD/n/a,Alden Haryanto
/player/C36A90FE-DFA8-414B-A8B6-F2BCF6B9B8BD/HamWix,Matthew Wong
/player/C36A90FE-DFA8-414B-A8B6-F2BCF6B9B8BD/KBC1010,Kelvin Tran Bui
/player/C36A90FE-DFA8-414B-A8B6-F2BCF6B9B8BD/2034030,Andrew Tran
/player/C36A90FE-DFA8-414B-A8B6-F2BCF6B9B8BD/035008,Sayan Gupta
/player/Zhengwei Wu,Zhengwei Wu
/player/C36A90FE-DFA8-414B-A8B6-F2BCF6B9B8BD/Clement,Clement Hoang
/player/C36A90FE-DFA8-414B-A8B6-F2BCF6B9B8BD/123454321,Howard Liu
/player/C36A90FE-DFA8-414B-A8B6-F2BCF6B9B8BD/0125674,Cheuk So
/player/C36A90FE-DFA8-414B-A8B6-F2BCF6B9B8BD/8517,Raymond Sha
/player/C36A90FE-DFA8-414B-A8B6-F2BCF6B9B8BD/Edward Xia,Edward Xiaoyu Xia
/player/C36A90FE-DFA8-414B-A8B6-F2BCF6B9B8BD/XX11650214,Jeffery Wang
/player/C36A90FE-DFA8-414B-A8B6-F2BCF6B9B8BD/ZBTC,Cote Feldsine
/player/C36A90FE-DFA8-414B-A8B6-F2BCF6B9B8BD/Bintang,David Feldsine
/player/C36A90FE-DFA8-414B-A8B6-F2BCF6B9B8BD/11,Patter Klomjit
/player/Alex Chang,Alex Chang
/player/C36A90FE-DFA8-414B-A8B6-F2BCF6B9B8BD/Joe Lam,Joe Lam
/player/C36A90FE-DFA8-414B-A8B6-F2BCF6B9B8BD/Dat Nguyen,Dat Nguyen
/player/C36A90FE-DFA8-414B-A8B6-F2BCF6B9B8BD/no ID,Houcheng Chen
/player/C36A90FE-DFA8-414B-A8B6-F2BCF6B9B8BD/012150411,Weixian Yu
/player/C36A90FE-DFA8-414B-A8B6-F2BCF6B9B8BD/ABGHUNTER,Tuong Duc Huynh
/player/C36A90FE-DFA8-414B-A8B6-F2BCF6B9B8BD/i dont have a member,Alvin Ren
/player/C36A90FE-DFA8-414B-A8B6-F2BCF6B9B8BD/Yes,Allen Shen
/player/David Chieh,David Chieh
/player/Quy Tran,Quy Tran
/player/C36A90FE-DFA8-414B-A8B6-F2BCF6B9B8BD/Blue,Erick Chavez
/player/C36A90FE-DFA8-414B-A8B6-F2BCF6B9B8BD/Red,Ryan P Hopkins
/player/C36A90FE-DFA8-414B-A8B6-F2BCF6B9B8BD/31012002,Quan Anh Nguyen
/player/C36A90FE-DFA8-414B-A8B6-F2BCF6B9B8BD/1233,Jimmy Law
/player/C36A90FE-DFA8-414B-A8B6-F2BCF6B9B8BD/XX11661282,Bill Feng
/player/C36A90FE-DFA8-414B-A8B6-F2BCF6B9B8BD/A0987,Jianhua Woooo
/player/C36A90FE-DFA8-414B-A8B6-F2BCF6B9B8BD/8006311,Riki Kwan
/player/C36A90FE-DFA8-414B-A8B6-F2BCF6B9B8BD/8006315,Ambrose Liu
/player/C36A90FE-DFA8-414B-A8B6-F2BCF6B9B8BD/AaronCSu,Aaron Chi Su
/player/C36A90FE-DFA8-414B-A8B6-F2BCF6B9B8BD/1019915,Devin Garg
/player/C36A90FE-DFA8-414B-A8B6-F2BCF6B9B8BD/1019854,Alex YX Zhang
/player/C36A90FE-DFA8-414B-A8B6-F2BCF6B9B8BD/jnguyen2000,Justin Hung Nguyen
/player/Jason Thai,Jason Thai
/player/C36A90FE-DFA8-414B-A8B6-F2BCF6B9B8BD/69,Corey Kittirath
/player/C36A90FE-DFA8-414B-A8B6-F2BCF6B9B8BD/1018418,Pranav Naag Chaganti
/player/C36A90FE-DFA8-414B-A8B6-F2BCF6B9B8BD/XX11649976,Vijay Chaganti
/player/C36A90FE-DFA8-414B-A8B6-F2BCF6B9B8BD/Tony Dang,Tony Dang
/player/C36A90FE-DFA8-414B-A8B6-F2BCF6B9B8BD/winstonlee,Winston Lee
/player/C36A90FE-DFA8-414B-A8B6-F2BCF6B9B8BD/98590,Josue A. Gutierrez
/player/Jerry Vang,Jerry Vang
/player/C36A90FE-DFA8-414B-A8B6-F2BCF6B9B8BD/3537,Duong Hai Pham
/player/C36A90FE-DFA8-414B-A8B6-F2BCF6B9B8BD/010669906,Trung Tran
/player/C36A90FE-DFA8-414B-A8B6-F2BCF6B9B8BD/3627,Wilson Jacob
/player/C36A90FE-DFA8-414B-A8B6-F2BCF6B9B8BD/425113600,Gia Thang Hin
/player/C36A90FE-DFA8-414B-A8B6-F2BCF6B9B8BD/30081996,Pho V Le
/player/C36A90FE-DFA8-414B-A8B6-F2BCF6B9B8BD/78405,Kelly B. Ros
/player/C36A90FE-DFA8-414B-A8B6-F2BCF6B9B8BD/030490,Stanley Hui
/player/C36A90FE-DFA8-414B-A8B6-F2BCF6B9B8BD/001,Nam Doan
/player/C36A90FE-DFA8-414B-A8B6-F2BCF6B9B8BD/002,Dat H Phung
/player/C36A90FE-DFA8-414B-A8B6-F2BCF6B9B8BD/XX11661484,Randy Ouyang
/player/C36A90FE-DFA8-414B-A8B6-F2BCF6B9B8BD/Bintang SSF,Alex Owyang
/player/C36A90FE-DFA8-414B-A8B6-F2BCF6B9B8BD/1234,Shrayus Gupta
/player/C36A90FE-DFA8-414B-A8B6-F2BCF6B9B8BD/2132132154,Tedman Zhuang
/player/C36A90FE-DFA8-414B-A8B6-F2BCF6B9B8BD/1927,Nghia T Nguyen
/player/C36A90FE-DFA8-414B-A8B6-F2BCF6B9B8BD/yeee,Hieu Nhan
/player/C36A90FE-DFA8-414B-A8B6-F2BCF6B9B8BD/117,Larry Qu
/player/Phuong q Tran,Phuong q Tran
/player/C36A90FE-DFA8-414B-A8B6-F2BCF6B9B8BD/2992,Danny Mok
/player/C36A90FE-DFA8-414B-A8B6-F2BCF6B9B8BD/2993,Yu Zhang
/player/C36A90FE-DFA8-414B-A8B6-F2BCF6B9B8BD/Andrew Nguyen,Andrew H Nguyen
/player/C36A90FE-DFA8-414B-A8B6-F2BCF6B9B8BD/XX11657466,Alex Chen
/player/C36A90FE-DFA8-414B-A8B6-F2BCF6B9B8BD/09122014,Abdul Hakeem
/player/C36A90FE-DFA8-414B-A8B6-F2BCF6B9B8BD/412313121,Tommy Chiu
/player/C36A90FE-DFA8-414B-A8B6-F2BCF6B9B8BD/12345,Benjmain Roppiyakuda
/player/C36A90FE-DFA8-414B-A8B6-F2BCF6B9B8BD/1542,Zachary George Miller
/player/C36A90FE-DFA8-414B-A8B6-F2BCF6B9B8BD/XX11661317,Justin Pj Lee
/player/Anthony Pun,Anthony Pun
/player/Jinha Kim,Jinha Kim
/player/C36A90FE-DFA8-414B-A8B6-F2BCF6B9B8BD/initialtq,Thomas Quach
/player/C36A90FE-DFA8-414B-A8B6-F2BCF6B9B8BD/42069,Tony Hk Ngo
/player/C36A90FE-DFA8-414B-A8B6-F2BCF6B9B8BD/535534,Josh Buag Serrano
/player/Lawrence Guintu,Lawrence Guintu
/player/Jeffrey Lo,Jeffrey Lo
/player/C36A90FE-DFA8-414B-A8B6-F2BCF6B9B8BD/aceofclay,Clayton Trinh
/player/C36A90FE-DFA8-414B-A8B6-F2BCF6B9B8BD/CEO of Krusty Krab,Jonas Lee
/player/C36A90FE-DFA8-414B-A8B6-F2BCF6B9B8BD/Tofu,Milton Lee
/player/C36A90FE-DFA8-414B-A8B6-F2BCF6B9B8BD/Trumantang,Truman Tang
/player/Kris Chau,Kris Chau
/player/C36A90FE-DFA8-414B-A8B6-F2BCF6B9B8BD/XX11657562,Derrick Cheung
/player/C36A90FE-DFA8-414B-A8B6-F2BCF6B9B8BD/vincinnamon,Vincent Ha
/player/C36A90FE-DFA8-414B-A8B6-F2BCF6B9B8BD/jeremyvien,Jeremy Vien
/player/C36A90FE-DFA8-414B-A8B6-F2BCF6B9B8BD/Silver Creek,Thomas Tran
/player/C36A90FE-DFA8-414B-A8B6-F2BCF6B9B8BD/XX11649002,Andes Le
/player/C36A90FE-DFA8-414B-A8B6-F2BCF6B9B8BD/aldohawe,Aldo Hadiwijaya
/player/C36A90FE-DFA8-414B-A8B6-F2BCF6B9B8BD/jameshidajat,James Hidajat
/player/C36A90FE-DFA8-414B-A8B6-F2BCF6B9B8BD/John-Han,John Han
/player/C36A90FE-DFA8-414B-A8B6-F2BCF6B9B8BD/James-Hein,James Hein
/player/Chris Tran,Chris Tran
/player/C36A90FE-DFA8-414B-A8B6-F2BCF6B9B8BD/1018632,Justin Fang
/player/C36A90FE-DFA8-414B-A8B6-F2BCF6B9B8BD/2035069,Andy Lam
/player/C36A90FE-DFA8-414B-A8B6-F2BCF6B9B8BD/192,Venugopal Malyala
/player/C36A90FE-DFA8-414B-A8B6-F2BCF6B9B8BD/1986,Saneesh (Sunny) Nambiadan
/player/C36A90FE-DFA8-414B-A8B6-F2BCF6B9B8BD/jieluamyyu,Amy Yu
/player/C36A90FE-DFA8-414B-A8B6-F2BCF6B9B8BD/47631,Patricia Tran
/player/C36A90FE-DFA8-414B-A8B6-F2BCF6B9B8BD/060973,Mandar Agte
/player/C36A90FE-DFA8-414B-A8B6-F2BCF6B9B8BD/660,Adrian Pan
/player/Michael Guan,Michael Guan
/player/C36A90FE-DFA8-414B-A8B6-F2BCF6B9B8BD/1234567890,Jie Tang
/player/C36A90FE-DFA8-414B-A8B6-F2BCF6B9B8BD/1111,Nathan Cao
/player/C36A90FE-DFA8-414B-A8B6-F2BCF6B9B8BD/BWF#26618 USAB#2230,Simon Wong
/player/C36A90FE-DFA8-414B-A8B6-F2BCF6B9B8BD/2033738,Bo Bob Zhao
/player/C36A90FE-DFA8-414B-A8B6-F2BCF6B9B8BD/2515434611522,Gumaro Diaz
/player/C36A90FE-DFA8-414B-A8B6-F2BCF6B9B8BD/2082,Andy Quach
/player/C36A90FE-DFA8-414B-A8B6-F2BCF6B9B8BD/2032926,Calvin Dai
/player/C36A90FE-DFA8-414B-A8B6-F2BCF6B9B8BD/E201506088819470,Paola Candolada
/player/C36A90FE-DFA8-414B-A8B6-F2BCF6B9B8BD/1019734,Joey Kwan
/player/C36A90FE-DFA8-414B-A8B6-F2BCF6B9B8BD/123456,Tracy Tonnu
/player/C36A90FE-DFA8-414B-A8B6-F2BCF6B9B8BD/123441,Tiffany Tran
/player/C36A90FE-DFA8-414B-A8B6-F2BCF6B9B8BD/1234525123123,Rachel Lin
/player/C36A90FE-DFA8-414B-A8B6-F2BCF6B9B8BD/12292000,Tiffany Jie Ying Teoh
/player/C36A90FE-DFA8-414B-A8B6-F2BCF6B9B8BD/3442,Julie Yang
/player/Hanting Tina Xu,Hanting Tina Xu
/player/C36A90FE-DFA8-414B-A8B6-F2BCF6B9B8BD/3910,Siva Chava
/player/C36A90FE-DFA8-414B-A8B6-F2BCF6B9B8BD/Shabari Shetty,Shabari Shetty
/player/C36A90FE-DFA8-414B-A8B6-F2BCF6B9B8BD/N/A.,Bin Cheng
/player/C36A90FE-DFA8-414B-A8B6-F2BCF6B9B8BD/cfang1030,Cindy Fang
/player/C36A90FE-DFA8-414B-A8B6-F2BCF6B9B8BD/47180,Christina Lam
